,Name,Points,Assists,Offensive Rebounds,Position,Season
38,Aaron Brooks,19.0,5.0,0.0,PG,2010.0
53,Aaron Gordon,12.0,1.0,1.0,SF,2017.0
82,Aaron McKie,10.0,4.0,0.0,SG,2001.0
84,Aaron McKie,8.0,3.0,0.0,SF,2003.0
85,Aaron McKie,8.0,2.0,0.0,SF,2004.0
99,Aaron Williams,10.0,1.0,2.0,PF,2001.0
140,Adam Morrison,11.0,1.0,0.0,PF,2007.0
275,Al Harrington,12.0,1.0,1.0,SF,2003.0
276,Al Harrington,12.0,1.0,1.0,PF,2004.0
277,Al Harrington,14.0,2.0,1.0,SF,2005.0
278,Al Harrington,17.0,2.0,1.0,PF,2006.0
279,Al Harrington,15.0,1.0,1.0,PF,2007.0
282,Al Harrington,13.0,1.0,1.0,C,2008.0
283,Al Harrington,17.0,1.0,1.0,PF,2009.0
285,Al Harrington,17.0,1.0,1.0,PF,2009.0
286,Al Harrington,15.0,1.0,1.0,PF,2010.0
293,Al Horford,10.0,1.0,3.0,C,2008.0
294,Al Horford,9.0,1.0,1.0,C,2009.0
295,Al Horford,14.0,2.0,2.0,C,2010.0
296,Al Horford,14.0,3.0,2.0,C,2011.0
298,Al Horford,15.0,2.0,2.0,C,2013.0
300,Al Horford,14.0,2.0,1.0,C,2015.0
301,Al Horford,15.0,3.0,1.0,C,2016.0
302,Al Horford,11.0,4.0,1.0,C,2017.0
306,Al Jefferson,13.0,1.0,2.0,C,2007.0
307,Al Jefferson,21.0,1.0,3.0,C,2008.0
309,Al Jefferson,15.0,1.0,2.0,C,2010.0
310,Al Jefferson,18.0,1.0,2.0,C,2011.0
311,Al Jefferson,14.0,1.0,1.0,C,2012.0
312,Al Jefferson,16.0,2.0,1.0,C,2013.0
313,Al Jefferson,19.0,1.0,1.0,C,2014.0
332,Al Thornton,12.0,1.0,1.0,PF,2008.0
333,Al Thornton,14.0,1.0,1.0,SF,2009.0
334,Al Thornton,9.0,1.0,1.0,SF,2010.0
379,Alan Henderson,13.0,0.0,3.0,PF,2000.0
411,Alec Burks,13.0,2.0,0.0,SG,2014.0
495,Al-Farouq Aminu,6.0,1.0,1.0,SF,2013.0
496,Al-Farouq Aminu,6.0,1.0,1.0,SF,2014.0
498,Al-Farouq Aminu,10.0,1.0,1.0,SF,2016.0
520,Allan Houston,19.0,2.0,0.0,SG,2000.0
521,Allan Houston,17.0,2.0,0.0,SG,2001.0
522,Allan Houston,19.0,2.0,0.0,SG,2002.0
523,Allan Houston,22.0,2.0,0.0,SG,2003.0
529,Allen Crabbe,10.0,1.0,0.0,SG,2016.0
530,Allen Crabbe,10.0,1.0,0.0,SG,2017.0
534,Allen Iverson*,24.0,4.0,0.0,SG,2000.0
535,Allen Iverson*,26.0,3.0,0.0,SG,2001.0
536,Allen Iverson*,22.0,4.0,0.0,SG,2002.0
537,Allen Iverson*,27.0,5.0,0.0,SG,2003.0
538,Allen Iverson*,15.0,3.0,0.0,SG,2004.0
539,Allen Iverson*,28.0,7.0,0.0,PG,2005.0
540,Allen Iverson*,28.0,6.0,0.0,PG,2006.0
541,Allen Iverson*,20.0,5.0,0.0,SG-PG,2007.0
543,Allen Iverson*,15.0,4.0,0.0,SG,2007.0
544,Allen Iverson*,26.0,7.0,0.0,SG,2008.0
545,Allen Iverson*,12.0,3.0,0.0,PG-SG,2009.0
572,Alonzo Gee,10.0,1.0,0.0,SF,2013.0
586,Alonzo Mourning*,20.0,1.0,2.0,C,2000.0
588,Alonzo Mourning*,14.0,1.0,2.0,C,2002.0
660,Alvin Williams,9.0,4.0,0.0,SG,2001.0
661,Alvin Williams,11.0,5.0,0.0,PG,2002.0
662,Alvin Williams,12.0,5.0,0.0,PG,2003.0
670,Amar'e Stoudemire,13.0,0.0,3.0,PF,2003.0
671,Amar'e Stoudemire,13.0,0.0,1.0,PF,2004.0
672,Amar'e Stoudemire,25.0,1.0,2.0,C,2005.0
674,Amar'e Stoudemire,20.0,1.0,2.0,C,2007.0
675,Amar'e Stoudemire,24.0,1.0,2.0,C,2008.0
677,Amar'e Stoudemire,23.0,1.0,2.0,PF,2010.0
678,Amar'e Stoudemire,24.0,2.0,2.0,C,2011.0
693,Amir Johnson,9.0,1.0,2.0,PF,2013.0
694,Amir Johnson,9.0,1.0,2.0,PF,2014.0
702,Anderson Varejao,8.0,0.0,2.0,PF,2009.0
703,Anderson Varejao,7.0,1.0,2.0,PF,2010.0
719,Andray Blatche,13.0,2.0,1.0,PF,2010.0
720,Andray Blatche,13.0,1.0,2.0,PF,2011.0
737,Andre Drummond,13.0,0.0,5.0,C,2014.0
738,Andre Drummond,13.0,0.0,5.0,C,2015.0
739,Andre Drummond,16.0,0.0,4.0,C,2016.0
740,Andre Drummond,13.0,1.0,4.0,C,2017.0
743,Andre Iguodala,9.0,3.0,1.0,SG,2005.0
744,Andre Iguodala,12.0,3.0,1.0,SF,2006.0
745,Andre Iguodala,16.0,5.0,0.0,SG,2007.0
746,Andre Iguodala,19.0,4.0,1.0,SF,2008.0
747,Andre Iguodala,18.0,5.0,1.0,SF,2009.0
748,Andre Iguodala,17.0,5.0,1.0,SF,2010.0
749,Andre Iguodala,11.0,5.0,0.0,SF,2011.0
750,Andre Iguodala,9.0,4.0,0.0,SF,2012.0
751,Andre Iguodala,12.0,5.0,1.0,SG,2013.0
752,Andre Iguodala,7.0,3.0,0.0,SF,2014.0
753,Andre Iguodala,7.0,2.0,0.0,SF,2015.0
759,Andre Miller,11.0,5.0,1.0,PG,2000.0
760,Andre Miller,15.0,8.0,1.0,PG,2001.0
761,Andre Miller,16.0,10.0,1.0,PG,2002.0
762,Andre Miller,13.0,6.0,1.0,PG,2003.0
763,Andre Miller,14.0,6.0,1.0,PG,2004.0
764,Andre Miller,13.0,6.0,1.0,PG,2005.0
765,Andre Miller,13.0,8.0,1.0,PG,2006.0
766,Andre Miller,13.0,7.0,1.0,PG,2007.0
768,Andre Miller,9.0,5.0,0.0,PG,2007.0
769,Andre Miller,17.0,6.0,1.0,PG,2008.0
770,Andre Miller,16.0,6.0,1.0,PG,2009.0
771,Andre Miller,13.0,5.0,0.0,PG,2010.0
772,Andre Miller,12.0,6.0,1.0,PG,2011.0
774,Andre Miller,9.0,5.0,0.0,PG,2013.0
792,Andre Roberson,6.0,0.0,1.0,SF,2017.0
813,Andrea Bargnani,14.0,1.0,0.0,PF,2009.0
814,Andrea Bargnani,16.0,1.0,1.0,PF,2010.0
815,Andrea Bargnani,17.0,1.0,0.0,C,2011.0
822,Andrei Kirilenko,10.0,1.0,1.0,SF,2002.0
823,Andrei Kirilenko,11.0,1.0,1.0,SF,2003.0
824,Andrei Kirilenko,15.0,2.0,2.0,PF,2004.0
826,Andrei Kirilenko,12.0,3.0,1.0,SF,2006.0
827,Andrei Kirilenko,7.0,2.0,1.0,SF,2007.0
828,Andrei Kirilenko,9.0,3.0,1.0,SF,2008.0
832,Andrei Kirilenko,9.0,2.0,1.0,SF,2013.0
838,Andres Nocioni,12.0,1.0,1.0,PF,2006.0
840,Andres Nocioni,13.0,1.0,0.0,SF,2008.0
847,Andrew Bogut,9.0,2.0,2.0,PF,2006.0
848,Andrew Bogut,9.0,2.0,2.0,C,2007.0
849,Andrew Bogut,13.0,2.0,2.0,C,2008.0
851,Andrew Bogut,13.0,1.0,2.0,C,2010.0
852,Andrew Bogut,10.0,1.0,2.0,C,2011.0
867,Andrew Bynum,13.0,1.0,2.0,C,2012.0
920,Andrew Wiggins,16.0,2.0,1.0,SF,2015.0
921,Andrew Wiggins,20.0,2.0,1.0,SF,2016.0
922,Andrew Wiggins,23.0,2.0,1.0,SF,2017.0
925,Andris Biedrins,9.0,1.0,3.0,C,2007.0
926,Andris Biedrins,9.0,0.0,3.0,C,2008.0
960,Anfernee Hardaway,12.0,3.0,1.0,SG,2000.0
962,Anfernee Hardaway,11.0,3.0,1.0,SG,2002.0
964,Anfernee Hardaway,8.0,2.0,0.0,SG,2004.0
976,Antawn Jamison,24.0,2.0,3.0,SF,2001.0
977,Antawn Jamison,19.0,1.0,2.0,SF,2002.0
978,Antawn Jamison,22.0,1.0,2.0,SF,2003.0
979,Antawn Jamison,14.0,0.0,2.0,SF,2004.0
980,Antawn Jamison,16.0,1.0,1.0,PF,2005.0
981,Antawn Jamison,20.0,1.0,2.0,SF,2006.0
982,Antawn Jamison,16.0,1.0,1.0,PF,2007.0
983,Antawn Jamison,20.0,1.0,2.0,PF,2008.0
984,Antawn Jamison,21.0,1.0,2.0,PF,2009.0
985,Antawn Jamison,15.0,1.0,1.0,PF,2010.0
989,Antawn Jamison,13.0,1.0,1.0,PF,2012.0
1044,Anthony Davis,17.0,1.0,2.0,PF,2014.0
1045,Anthony Davis,20.0,1.0,2.0,PF,2015.0
1046,Anthony Davis,18.0,1.0,1.0,C,2016.0
1047,Anthony Davis,25.0,1.0,2.0,C,2017.0
1105,Anthony Mason,11.0,4.0,1.0,SF,2000.0
1106,Anthony Mason,15.0,3.0,2.0,PF,2001.0
1107,Anthony Mason,9.0,4.0,1.0,PF,2002.0
1108,Anthony Mason,5.0,2.0,1.0,C,2003.0
1121,Anthony Morrow,10.0,1.0,0.0,SG,2010.0
1136,Anthony Parker,11.0,1.0,0.0,SG,2007.0
1137,Anthony Parker,12.0,2.0,0.0,SG,2008.0
1138,Anthony Parker,10.0,3.0,0.0,SG,2009.0
1139,Anthony Parker,7.0,1.0,0.0,SG,2010.0
1140,Anthony Parker,7.0,2.0,0.0,SF,2011.0
1151,Anthony Peeler,9.0,2.0,0.0,SG,2000.0
1152,Anthony Peeler,9.0,2.0,0.0,SG,2001.0
1153,Anthony Peeler,8.0,2.0,0.0,SG,2002.0
1154,Anthony Peeler,7.0,2.0,0.0,SG,2003.0
1213,Antoine Walker,20.0,3.0,2.0,PF,2000.0
1214,Antoine Walker,23.0,5.0,1.0,PF,2001.0
1215,Antoine Walker,21.0,4.0,1.0,PF,2002.0
1216,Antoine Walker,19.0,4.0,1.0,PF,2003.0
1217,Antoine Walker,14.0,4.0,2.0,PF,2004.0
1218,Antoine Walker,17.0,3.0,2.0,PF,2005.0
1219,Antoine Walker,13.0,2.0,1.0,PF,2005.0
1221,Antoine Walker,12.0,2.0,1.0,PF,2006.0
1238,Antonio Daniels,9.0,3.0,0.0,PG,2001.0
1239,Antonio Daniels,9.0,2.0,0.0,SG,2002.0
1242,Antonio Daniels,10.0,3.0,0.0,PG,2005.0
1243,Antonio Daniels,9.0,3.0,0.0,SG,2006.0
1245,Antonio Daniels,7.0,4.0,0.0,PG,2008.0
1256,Antonio Davis,11.0,1.0,2.0,C,2000.0
1257,Antonio Davis,13.0,1.0,3.0,C,2001.0
1258,Antonio Davis,13.0,1.0,3.0,PF,2002.0
1260,Antonio Davis,8.0,1.0,2.0,C,2004.0
1262,Antonio Davis,7.0,1.0,1.0,C,2004.0
1289,Antonio McDyess,18.0,1.0,2.0,PF,2000.0
1290,Antonio McDyess,17.0,1.0,2.0,PF,2001.0
1298,Antonio McDyess,8.0,1.0,2.0,PF,2008.0
1389,Arron Afflalo,8.0,1.0,0.0,SG,2010.0
1390,Arron Afflalo,10.0,2.0,0.0,SG,2011.0
1391,Arron Afflalo,11.0,1.0,0.0,SG,2012.0
1392,Arron Afflalo,12.0,2.0,0.0,SF,2013.0
1393,Arron Afflalo,16.0,3.0,0.0,SG,2014.0
1394,Arron Afflalo,12.0,1.0,0.0,SG,2015.0
1397,Arron Afflalo,11.0,1.0,0.0,SG,2016.0
1507,Austin Rivers,10.0,2.0,0.0,SG,2017.0
1512,Avery Bradley,13.0,1.0,0.0,SG,2015.0
1513,Avery Bradley,14.0,1.0,0.0,SG,2016.0
1530,Avery Johnson,11.0,5.0,0.0,PG,2000.0
1585,Baron Davis,13.0,7.0,1.0,PG,2001.0
1586,Baron Davis,18.0,8.0,1.0,PG,2002.0
1588,Baron Davis,18.0,6.0,0.0,PG,2004.0
1593,Baron Davis,15.0,6.0,0.0,PG,2007.0
1594,Baron Davis,21.0,7.0,1.0,PG,2008.0
1595,Baron Davis,11.0,6.0,0.0,PG,2009.0
1596,Baron Davis,13.0,7.0,0.0,PG,2010.0
1647,Ben Gordon,15.0,2.0,0.0,SG,2005.0
1648,Ben Gordon,16.0,2.0,0.0,SG,2006.0
1649,Ben Gordon,21.0,3.0,0.0,SG,2007.0
1650,Ben Gordon,16.0,2.0,0.0,SG,2008.0
1651,Ben Gordon,20.0,3.0,0.0,SG,2009.0
1653,Ben Gordon,11.0,2.0,0.0,SG,2011.0
1666,Ben McLemore,8.0,1.0,0.0,SG,2014.0
1667,Ben McLemore,12.0,1.0,0.0,SG,2015.0
1690,Ben Wallace,6.0,1.0,3.0,C,2001.0
1691,Ben Wallace,7.0,1.0,3.0,C,2002.0
1692,Ben Wallace,6.0,1.0,3.0,C,2003.0
1693,Ben Wallace,9.0,1.0,3.0,C,2004.0
1694,Ben Wallace,8.0,1.0,3.0,C,2005.0
1695,Ben Wallace,7.0,1.0,3.0,C,2006.0
1696,Ben Wallace,6.0,2.0,3.0,C,2007.0
1697,Ben Wallace,4.0,1.0,2.0,C-PF,2008.0
1715,Beno Udrih,10.0,3.0,0.0,PG,2008.0
1716,Beno Udrih,9.0,4.0,0.0,PG,2009.0
1717,Beno Udrih,12.0,4.0,0.0,PG,2010.0
1718,Beno Udrih,13.0,4.0,0.0,PG,2011.0
2143,Bismack Biyombo,4.0,0.0,2.0,C,2013.0
2169,Blake Griffin,22.0,3.0,3.0,PF,2011.0
2170,Blake Griffin,16.0,2.0,2.0,PF,2012.0
2171,Blake Griffin,17.0,3.0,2.0,PF,2013.0
2172,Blake Griffin,23.0,3.0,2.0,PF,2014.0
2173,Blake Griffin,17.0,4.0,1.0,PF,2015.0
2175,Blake Griffin,16.0,3.0,1.0,PF,2017.0
2202,Bo Outlaw,5.0,2.0,2.0,PF,2000.0
2203,Bo Outlaw,7.0,2.0,2.0,PF,2001.0
2506,Bob Sura,12.0,3.0,0.0,SG,2000.0
2628,Bobby Simmons,14.0,2.0,1.0,SF,2005.0
2629,Bobby Simmons,12.0,2.0,1.0,SF,2006.0
2653,Bojan Bogdanovic,10.0,1.0,0.0,SF,2016.0
2654,Bojan Bogdanovic,13.0,1.0,0.0,SF,2017.0
2666,Bonzi Wells,15.0,2.0,1.0,SG,2002.0
2667,Bonzi Wells,13.0,3.0,1.0,SG,2003.0
2681,Boris Diaw,13.0,6.0,1.0,PF,2006.0
2682,Boris Diaw,8.0,4.0,1.0,PF,2007.0
2683,Boris Diaw,8.0,3.0,1.0,PF,2008.0
2684,Boris Diaw,13.0,4.0,1.0,PF,2009.0
2686,Boris Diaw,10.0,3.0,1.0,PF,2009.0
2687,Boris Diaw,11.0,3.0,1.0,PF,2010.0
2688,Boris Diaw,11.0,4.0,1.0,PF,2011.0
2764,Brad Miller,12.0,1.0,3.0,C,2002.0
2767,Brad Miller,11.0,2.0,2.0,C,2003.0
2768,Brad Miller,12.0,3.0,2.0,PF,2004.0
2769,Brad Miller,10.0,2.0,1.0,C,2005.0
2770,Brad Miller,14.0,4.0,1.0,C,2006.0
2772,Brad Miller,11.0,3.0,2.0,C,2008.0
2773,Brad Miller,10.0,2.0,1.0,C,2009.0
2790,Bradley Beal,15.0,2.0,0.0,SG,2014.0
2791,Bradley Beal,11.0,2.0,0.0,SG,2015.0
2793,Bradley Beal,21.0,3.0,0.0,SG,2017.0
2825,Brandon Bass,8.0,1.0,1.0,PF,2013.0
2826,Brandon Bass,11.0,1.0,1.0,PF,2014.0
2836,Brandon Ingram,9.0,2.0,0.0,SF,2017.0
2837,Brandon Jennings,15.0,5.0,0.0,PG,2010.0
2838,Brandon Jennings,12.0,3.0,0.0,PG,2011.0
2839,Brandon Jennings,15.0,4.0,0.0,PG,2012.0
2840,Brandon Jennings,17.0,6.0,0.0,PG,2013.0
2841,Brandon Jennings,15.0,7.0,0.0,PG,2014.0
2849,Brandon Knight,10.0,3.0,0.0,PG,2012.0
2850,Brandon Knight,12.0,3.0,0.0,PG,2013.0
2851,Brandon Knight,15.0,4.0,0.0,PG,2014.0
2852,Brandon Knight,13.0,4.0,0.0,PG-SG,2015.0
2857,Brandon Roy,11.0,2.0,0.0,SG,2007.0
2858,Brandon Roy,17.0,5.0,0.0,SG,2008.0
2859,Brandon Roy,21.0,4.0,1.0,SG,2009.0
2860,Brandon Roy,17.0,3.0,0.0,SG,2010.0
2864,Brandon Rush,9.0,1.0,0.0,SG,2010.0
2882,Brendan Haywood,10.0,0.0,3.0,C,2008.0
2884,Brendan Haywood,8.0,0.0,3.0,C,2010.0
2900,Brent Barry,11.0,3.0,0.0,SG,2000.0
2902,Brent Barry,14.0,5.0,0.0,SG,2002.0
2903,Brent Barry,9.0,4.0,0.0,SG,2003.0
2935,Brevin Knight,10.0,7.0,0.0,PG,2006.0
2980,Brian Grant,15.0,1.0,2.0,C,2001.0
2981,Brian Grant,8.0,1.0,2.0,PF,2002.0
2982,Brian Grant,10.0,1.0,2.0,C,2003.0
2983,Brian Grant,8.0,0.0,2.0,C,2004.0
3082,Brook Lopez,13.0,1.0,2.0,C,2009.0
3083,Brook Lopez,18.0,2.0,3.0,C,2010.0
3084,Brook Lopez,20.0,1.0,2.0,C,2011.0
3086,Brook Lopez,17.0,0.0,2.0,C,2013.0
3088,Brook Lopez,15.0,0.0,2.0,C,2015.0
3089,Brook Lopez,18.0,1.0,2.0,C,2016.0
3090,Brook Lopez,18.0,2.0,1.0,C,2017.0
3110,Bruce Bowen,7.0,1.0,0.0,SF,2001.0
3112,Bruce Bowen,7.0,1.0,0.0,SF,2003.0
3113,Bruce Bowen,6.0,1.0,0.0,SF,2004.0
3114,Bruce Bowen,8.0,1.0,0.0,SF,2005.0
3115,Bruce Bowen,7.0,1.0,0.0,SF,2006.0
3116,Bruce Bowen,6.0,1.0,0.0,SF,2007.0
3117,Bruce Bowen,5.0,1.0,0.0,SF,2008.0
3162,Bryant Stith,9.0,2.0,0.0,SG,2001.0
3182,Bryon Russell,14.0,1.0,1.0,SF,2000.0
3183,Bryon Russell,11.0,1.0,1.0,SF,2001.0
3315,C.J. McCollum,20.0,4.0,0.0,SG,2016.0
3316,C.J. McCollum,22.0,3.0,0.0,SG,2017.0
3363,Calbert Cheaney,8.0,1.0,0.0,SG,2003.0
3364,Calbert Cheaney,7.0,1.0,0.0,SF,2004.0
3476,Carl Landry,16.0,0.0,2.0,PF,2010.0
3479,Carl Landry,11.0,0.0,2.0,PF,2011.0
3506,Carlos Arroyo,10.0,4.0,0.0,PG,2004.0
3519,Carlos Boozer,9.0,1.0,2.0,PF,2003.0
3520,Carlos Boozer,14.0,1.0,2.0,PF,2004.0
3523,Carlos Boozer,18.0,2.0,2.0,PF,2007.0
3524,Carlos Boozer,20.0,2.0,2.0,PF,2008.0
3526,Carlos Boozer,18.0,3.0,2.0,PF,2010.0
3529,Carlos Boozer,15.0,2.0,2.0,PF,2013.0
3530,Carlos Boozer,12.0,1.0,1.0,PF,2014.0
3538,Carlos Delfino,10.0,2.0,0.0,SF,2010.0
3557,Carmelo Anthony,21.0,2.0,2.0,SF,2004.0
3558,Carmelo Anthony,19.0,2.0,1.0,SF,2005.0
3559,Carmelo Anthony,25.0,2.0,1.0,SF,2006.0
3560,Carmelo Anthony,22.0,3.0,1.0,SF,2007.0
3561,Carmelo Anthony,24.0,3.0,2.0,SF,2008.0
3562,Carmelo Anthony,18.0,2.0,1.0,SF,2009.0
3563,Carmelo Anthony,23.0,2.0,1.0,SF,2010.0
3564,Carmelo Anthony,24.0,2.0,1.0,SF,2011.0
3568,Carmelo Anthony,23.0,2.0,1.0,PF,2013.0
3569,Carmelo Anthony,25.0,2.0,1.0,PF,2014.0
3571,Carmelo Anthony,19.0,3.0,1.0,SF,2016.0
3572,Carmelo Anthony,20.0,2.0,0.0,SF,2017.0
3573,Caron Butler,14.0,2.0,1.0,SF,2003.0
3574,Caron Butler,7.0,1.0,1.0,SF,2004.0
3575,Caron Butler,14.0,1.0,1.0,SF,2005.0
3576,Caron Butler,16.0,2.0,1.0,SF,2006.0
3577,Caron Butler,14.0,2.0,1.0,SF,2007.0
3578,Caron Butler,14.0,3.0,1.0,SF,2008.0
3579,Caron Butler,16.0,3.0,1.0,SG,2009.0
3580,Caron Butler,14.0,1.0,1.0,SF-SG,2010.0
3638,Cedric Ceballos,13.0,1.0,2.0,SF,2000.0
3687,Chandler Parsons,14.0,3.0,0.0,SF,2013.0
3688,Chandler Parsons,14.0,3.0,0.0,SF,2014.0
3689,Chandler Parsons,12.0,1.0,0.0,SF,2015.0
3696,Channing Frye,11.0,1.0,0.0,C,2010.0
3697,Channing Frye,11.0,1.0,0.0,PF,2011.0
3699,Channing Frye,11.0,1.0,0.0,PF,2014.0
3793,Charles Oakley,6.0,3.0,1.0,PF,2000.0
3794,Charles Oakley,9.0,3.0,1.0,PF,2001.0
3839,Charlie Bell,13.0,3.0,0.0,SG,2007.0
3892,Charlie Villanueva,12.0,1.0,2.0,PF,2006.0
3895,Charlie Villanueva,15.0,1.0,1.0,PF,2009.0
3935,Chauncey Billups,12.0,5.0,0.0,PG,2002.0
3936,Chauncey Billups,14.0,3.0,0.0,PG,2003.0
3937,Chauncey Billups,16.0,5.0,0.0,PG,2004.0
3938,Chauncey Billups,16.0,5.0,0.0,PG,2005.0
3939,Chauncey Billups,18.0,8.0,0.0,PG,2006.0
3940,Chauncey Billups,14.0,6.0,0.0,PG,2007.0
3941,Chauncey Billups,16.0,6.0,0.0,PG,2008.0
3942,Chauncey Billups,17.0,6.0,0.0,PG,2009.0
3944,Chauncey Billups,16.0,5.0,0.0,PG,2009.0
3945,Chauncey Billups,17.0,4.0,0.0,PG,2010.0
3946,Chauncey Billups,14.0,4.0,0.0,PG,2011.0
4017,Chris Bosh,10.0,0.0,2.0,C,2004.0
4018,Chris Bosh,16.0,1.0,2.0,PF,2005.0
4019,Chris Bosh,19.0,2.0,2.0,C,2006.0
4020,Chris Bosh,19.0,2.0,2.0,C,2007.0
4021,Chris Bosh,18.0,2.0,2.0,C,2008.0
4022,Chris Bosh,21.0,2.0,2.0,C,2009.0
4023,Chris Bosh,20.0,2.0,2.0,C,2010.0
4024,Chris Bosh,17.0,1.0,1.0,PF,2011.0
4025,Chris Bosh,12.0,1.0,1.0,PF,2012.0
4026,Chris Bosh,15.0,1.0,1.0,C,2013.0
4027,Chris Bosh,15.0,1.0,1.0,C,2014.0
4091,Chris Duhon,5.0,4.0,0.0,PG,2005.0
4092,Chris Duhon,7.0,4.0,0.0,PG,2006.0
4095,Chris Duhon,10.0,6.0,0.0,PG,2009.0
4096,Chris Duhon,6.0,4.0,0.0,PG,2010.0
4172,Chris Kaman,11.0,0.0,2.0,C,2006.0
4173,Chris Kaman,9.0,0.0,1.0,C,2007.0
4174,Chris Kaman,10.0,1.0,2.0,C,2008.0
4176,Chris Kaman,17.0,1.0,2.0,C,2010.0
4243,Chris Paul,15.0,7.0,0.0,PG,2006.0
4244,Chris Paul,13.0,6.0,0.0,PG,2007.0
4245,Chris Paul,20.0,11.0,0.0,PG,2008.0
4246,Chris Paul,21.0,10.0,0.0,PG,2009.0
4248,Chris Paul,15.0,9.0,0.0,PG,2011.0
4249,Chris Paul,14.0,6.0,0.0,PG,2012.0
4250,Chris Paul,14.0,8.0,0.0,PG,2013.0
4251,Chris Paul,14.0,8.0,0.0,PG,2014.0
4252,Chris Paul,19.0,10.0,0.0,PG,2015.0
4253,Chris Paul,17.0,9.0,0.0,PG,2016.0
4286,Chris Webber,22.0,4.0,2.0,PF,2000.0
4287,Chris Webber,23.0,3.0,2.0,PF,2001.0
4288,Chris Webber,16.0,3.0,1.0,PF,2002.0
4289,Chris Webber,18.0,4.0,1.0,PF,2003.0
4291,Chris Webber,15.0,3.0,1.0,PF,2005.0
4294,Chris Webber,18.0,3.0,2.0,PF,2006.0
4312,Chris Whitney,10.0,3.0,0.0,PG,2002.0
4323,Chris Wilcox,13.0,1.0,2.0,PF,2007.0
4348,Christian Laettner,12.0,2.0,2.0,C,2000.0
4353,Christian Laettner,7.0,2.0,1.0,PF,2003.0
4376,Chuck Hayes,7.0,2.0,2.0,C,2011.0
4439,Chucky Atkins,11.0,4.0,0.0,PG,2001.0
4440,Chucky Atkins,11.0,3.0,0.0,PG,2002.0
4445,Chucky Atkins,13.0,4.0,0.0,PG,2005.0
4449,Chucky Atkins,12.0,4.0,0.0,PG,2007.0
4489,Clarence Weatherspoon,11.0,1.0,2.0,PF,2001.0
4491,Clarence Weatherspoon,6.0,0.0,2.0,PF,2003.0
4614,Clifford Robinson,18.0,2.0,1.0,SF,2000.0
4615,Clifford Robinson,16.0,2.0,1.0,PF,2001.0
4616,Clifford Robinson,14.0,2.0,0.0,PF,2002.0
4617,Clifford Robinson,12.0,3.0,0.0,PF,2003.0
4618,Clifford Robinson,11.0,3.0,0.0,PF,2004.0
4770,Corey Brewer,13.0,2.0,0.0,SG,2010.0
4775,Corey Brewer,12.0,1.0,0.0,SF,2013.0
4776,Corey Brewer,12.0,1.0,0.0,SF,2014.0
4777,Corey Brewer,11.0,2.0,0.0,SF,2015.0
4794,Corey Maggette,13.0,1.0,0.0,SG,2003.0
4795,Corey Maggette,18.0,2.0,1.0,SF,2004.0
4796,Corey Maggette,17.0,2.0,0.0,SG,2005.0
4798,Corey Maggette,15.0,2.0,1.0,SF,2007.0
4799,Corey Maggette,18.0,2.0,0.0,SF,2008.0
4801,Corey Maggette,16.0,2.0,1.0,PF,2010.0
4846,Corliss Williamson,12.0,1.0,1.0,SF,2003.0
4886,Cory Joseph,8.0,3.0,0.0,SG,2016.0
4887,Cory Joseph,9.0,3.0,0.0,SG,2017.0
4901,Courtney Lee,10.0,1.0,0.0,SG,2010.0
4908,Courtney Lee,9.0,1.0,0.0,SG,2015.0
4909,Courtney Lee,9.0,1.0,0.0,SG,2016.0
4912,Courtney Lee,10.0,2.0,0.0,SG,2017.0
4991,Cuttino Mobley,15.0,2.0,0.0,SG,2000.0
4992,Cuttino Mobley,18.0,2.0,1.0,SG,2001.0
4993,Cuttino Mobley,19.0,2.0,0.0,SG,2002.0
4994,Cuttino Mobley,15.0,2.0,0.0,SG,2003.0
4995,Cuttino Mobley,15.0,3.0,0.0,SG,2004.0
4996,Cuttino Mobley,13.0,2.0,0.0,SG,2005.0
4999,Cuttino Mobley,14.0,2.0,0.0,SF,2006.0
5000,Cuttino Mobley,13.0,2.0,0.0,SG,2007.0
5001,Cuttino Mobley,12.0,2.0,0.0,SG,2008.0
5006,D.J. Augustin,14.0,6.0,0.0,PG,2011.0
5069,Dale Davis,9.0,0.0,3.0,C,2000.0
5070,Dale Davis,7.0,1.0,2.0,C,2001.0
5071,Dale Davis,9.0,1.0,3.0,C,2002.0
5072,Dale Davis,7.0,1.0,2.0,C,2003.0
5120,Damian Lillard,19.0,6.0,0.0,PG,2013.0
5121,Damian Lillard,20.0,5.0,0.0,PG,2014.0
5122,Damian Lillard,20.0,6.0,0.0,PG,2015.0
5123,Damian Lillard,22.0,6.0,0.0,PG,2016.0
5124,Damian Lillard,24.0,5.0,0.0,PG,2017.0
5128,Damien Wilkins,8.0,1.0,1.0,SF,2007.0
5152,Damon Jones,6.0,5.0,0.0,PG,2004.0
5153,Damon Jones,11.0,4.0,0.0,PG,2005.0
5154,Damon Jones,6.0,2.0,0.0,PG,2006.0
5164,Damon Stoudamire,11.0,4.0,0.0,PG,2000.0
5165,Damon Stoudamire,13.0,5.0,0.0,PG,2001.0
5166,Damon Stoudamire,12.0,5.0,0.0,PG,2002.0
5168,Damon Stoudamire,13.0,6.0,0.0,PG,2004.0
5169,Damon Stoudamire,15.0,5.0,0.0,PG,2005.0
5185,Dan Dickau,10.0,4.0,0.0,PG,2005.0
5187,Dan Dickau,10.0,4.0,0.0,PG,2005.0
5232,Dan Majerle,6.0,2.0,0.0,SG,2000.0
5271,D'Angelo Russell,12.0,3.0,0.0,PG,2016.0
5291,Danilo Gallinari,14.0,1.0,0.0,SF,2010.0
5292,Danilo Gallinari,11.0,1.0,0.0,PF-SF,2011.0
5296,Danilo Gallinari,14.0,2.0,0.0,SF,2013.0
5299,Danilo Gallinari,13.0,1.0,0.0,SF,2017.0
5337,Danny Fortson,10.0,1.0,3.0,PF,2002.0
5344,Danny Granger,13.0,1.0,1.0,SF,2007.0
5345,Danny Granger,19.0,2.0,1.0,SF,2008.0
5346,Danny Granger,21.0,2.0,0.0,SF,2009.0
5347,Danny Granger,18.0,2.0,0.0,SF,2010.0
5348,Danny Granger,19.0,2.0,1.0,SF,2011.0
5349,Danny Granger,14.0,1.0,0.0,SF,2012.0
5358,Danny Green,10.0,1.0,0.0,SG,2013.0
5360,Danny Green,11.0,1.0,0.0,SG,2015.0
5361,Danny Green,6.0,1.0,0.0,SG,2016.0
5427,Dante Cunningham,8.0,0.0,1.0,PF,2013.0
5436,Dario Saric,12.0,2.0,1.0,PF,2017.0
5439,Darius Miles,9.0,1.0,1.0,SF,2001.0
5440,Darius Miles,9.0,2.0,1.0,SF,2002.0
5441,Darius Miles,7.0,2.0,1.0,SF,2003.0
5442,Darius Miles,10.0,1.0,1.0,SF,2004.0
5525,Darrell Armstrong,16.0,6.0,0.0,PG,2000.0
5526,Darrell Armstrong,14.0,6.0,1.0,PG,2001.0
5527,Darrell Armstrong,12.0,5.0,1.0,PG,2002.0
5528,Darrell Armstrong,9.0,3.0,1.0,PG,2003.0
5529,Darrell Armstrong,10.0,3.0,0.0,PG,2004.0
5568,Darren Collison,11.0,5.0,0.0,PG,2010.0
5569,Darren Collison,12.0,4.0,0.0,PG,2011.0
5571,Darren Collison,11.0,5.0,0.0,PG,2013.0
5572,Darren Collison,11.0,3.0,0.0,PG,2014.0
5574,Darren Collison,12.0,3.0,0.0,PG,2016.0
5575,Darren Collison,10.0,3.0,0.0,PG,2017.0
5865,David Lee,10.0,1.0,2.0,PF,2008.0
5866,David Lee,15.0,2.0,3.0,C,2009.0
5867,David Lee,20.0,3.0,2.0,C,2010.0
5868,David Lee,14.0,2.0,2.0,PF,2011.0
5869,David Lee,13.0,1.0,2.0,PF,2012.0
5870,David Lee,17.0,3.0,2.0,PF,2013.0
5871,David Lee,15.0,1.0,2.0,PF,2014.0
5894,David Robinson*,17.0,1.0,2.0,C,2000.0
5895,David Robinson*,14.0,1.0,2.0,C,2001.0
5896,David Robinson*,11.0,1.0,2.0,C,2002.0
5930,David Wesley,13.0,5.0,0.0,PG,2000.0
5931,David Wesley,17.0,4.0,0.0,SG,2001.0
5932,David Wesley,11.0,2.0,0.0,SG,2002.0
5933,David Wesley,14.0,3.0,0.0,SG,2003.0
5934,David Wesley,10.0,2.0,0.0,SG,2004.0
5935,David Wesley,11.0,3.0,0.0,SG,2005.0
5938,David Wesley,8.0,2.0,0.0,SG,2006.0
5942,David West,15.0,1.0,2.0,PF,2006.0
5944,David West,19.0,2.0,2.0,PF,2008.0
5945,David West,19.0,2.0,1.0,PF,2009.0
5946,David West,18.0,2.0,2.0,PF,2010.0
5947,David West,16.0,2.0,1.0,PF,2011.0
5949,David West,15.0,2.0,1.0,PF,2013.0
5950,David West,13.0,2.0,1.0,PF,2014.0
6002,DeAndre Jordan,6.0,0.0,2.0,C,2011.0
6004,DeAndre Jordan,8.0,0.0,2.0,C,2013.0
6005,DeAndre Jordan,10.0,0.0,4.0,C,2014.0
6006,DeAndre Jordan,11.0,0.0,4.0,C,2015.0
6007,DeAndre Jordan,11.0,1.0,3.0,C,2016.0
6008,DeAndre Jordan,12.0,1.0,3.0,C,2017.0
6073,Delonte West,10.0,4.0,0.0,PG,2006.0
6074,Delonte West,10.0,3.0,0.0,SG,2007.0
6078,Delonte West,9.0,2.0,0.0,SG,2009.0
6083,DeMar DeRozan,17.0,1.0,0.0,SG,2011.0
6084,DeMar DeRozan,12.0,1.0,0.0,SG,2012.0
6085,DeMar DeRozan,18.0,2.0,0.0,SG,2013.0
6086,DeMar DeRozan,21.0,3.0,0.0,SG,2014.0
6087,DeMar DeRozan,14.0,2.0,0.0,SG,2015.0
6088,DeMar DeRozan,22.0,3.0,0.0,SG,2016.0
6089,DeMar DeRozan,24.0,3.0,0.0,SG,2017.0
6091,DeMarcus Cousins,13.0,2.0,2.0,C,2011.0
6093,DeMarcus Cousins,15.0,2.0,2.0,C,2013.0
6094,DeMarcus Cousins,19.0,2.0,2.0,C,2014.0
6095,DeMarcus Cousins,17.0,2.0,2.0,C,2015.0
6096,DeMarcus Cousins,21.0,2.0,1.0,C,2016.0
6097,DeMarcus Cousins,23.0,4.0,1.0,C,2017.0
6109,DeMarre Carroll,9.0,1.0,1.0,SF,2014.0
6110,DeMarre Carroll,10.0,1.0,1.0,SF,2015.0
6186,Dennis Schroder,17.0,6.0,0.0,PG,2017.0
6206,Derek Anderson,13.0,2.0,0.0,SG,2000.0
6207,Derek Anderson,15.0,3.0,0.0,SG,2001.0
6209,Derek Anderson,12.0,3.0,0.0,PG,2003.0
6223,Derek Fisher,10.0,3.0,0.0,PG,2003.0
6225,Derek Fisher,10.0,3.0,0.0,PG,2005.0
6226,Derek Fisher,13.0,4.0,0.0,PG,2006.0
6227,Derek Fisher,10.0,3.0,0.0,SG,2007.0
6228,Derek Fisher,11.0,2.0,0.0,PG,2008.0
6229,Derek Fisher,9.0,3.0,0.0,PG,2009.0
6230,Derek Fisher,7.0,2.0,0.0,PG,2010.0
6231,Derek Fisher,6.0,2.0,0.0,PG,2011.0
6290,Deron Williams,10.0,4.0,0.0,PG,2006.0
6291,Deron Williams,15.0,9.0,0.0,PG,2007.0
6292,Deron Williams,18.0,10.0,0.0,PG,2008.0
6293,Deron Williams,16.0,8.0,0.0,PG,2009.0
6294,Deron Williams,17.0,9.0,0.0,PG,2010.0
6295,Deron Williams,15.0,8.0,0.0,PG,2011.0
6296,Deron Williams,13.0,6.0,0.0,PG,2011.0
6299,Deron Williams,18.0,7.0,0.0,PG,2013.0
6300,Deron Williams,11.0,4.0,0.0,PG,2014.0
6301,Deron Williams,10.0,5.0,0.0,PG,2015.0
6302,Deron Williams,11.0,4.0,0.0,PG,2016.0
6337,Derrick Coleman,15.0,2.0,1.0,PF,2000.0
6339,Derrick Coleman,10.0,1.0,2.0,PF,2002.0
6354,Derrick Favors,11.0,1.0,2.0,PF,2014.0
6355,Derrick Favors,14.0,1.0,2.0,PF,2015.0
6377,Derrick Rose,16.0,6.0,1.0,PG,2009.0
6378,Derrick Rose,19.0,5.0,0.0,PG,2010.0
6379,Derrick Rose,24.0,7.0,0.0,PG,2011.0
6383,Derrick Rose,13.0,3.0,0.0,PG,2016.0
6384,Derrick Rose,14.0,3.0,0.0,PG,2017.0
6416,DeShawn Stevenson,11.0,1.0,0.0,SG-SF,2004.0
6420,DeShawn Stevenson,10.0,1.0,0.0,SG,2006.0
6421,DeShawn Stevenson,11.0,2.0,0.0,SG,2007.0
6422,DeShawn Stevenson,11.0,3.0,0.0,SG,2008.0
6434,Desmond Mason,11.0,1.0,1.0,SF,2002.0
6435,Desmond Mason,13.0,1.0,1.0,SF,2003.0
6438,Desmond Mason,14.0,1.0,1.0,SF,2004.0
6439,Desmond Mason,16.0,2.0,1.0,SF,2005.0
6440,Desmond Mason,9.0,0.0,0.0,SF,2006.0
6441,Desmond Mason,12.0,1.0,1.0,SF,2007.0
6475,Devin Booker,12.0,2.0,0.0,SG,2016.0
6476,Devin Booker,21.0,3.0,0.0,SG,2017.0
6501,Devin Harris,9.0,3.0,0.0,PG,2007.0
6502,Devin Harris,11.0,4.0,0.0,PG,2008.0
6505,Devin Harris,17.0,5.0,0.0,PG,2009.0
6506,Devin Harris,13.0,5.0,0.0,PG,2010.0
6507,Devin Harris,13.0,6.0,0.0,PG,2011.0
6701,Dikembe Mutombo*,11.0,1.0,3.0,C,2000.0
6702,Dikembe Mutombo*,9.0,0.0,3.0,C,2001.0
6705,Dikembe Mutombo*,11.0,1.0,3.0,C,2002.0
6731,Dion Waiters,13.0,2.0,0.0,SG,2014.0
6732,Dion Waiters,11.0,1.0,0.0,SG,2015.0
6735,Dion Waiters,9.0,1.0,0.0,SG,2016.0
6746,Dirk Nowitzki,17.0,2.0,1.0,PF,2000.0
6747,Dirk Nowitzki,21.0,2.0,1.0,PF,2001.0
6748,Dirk Nowitzki,21.0,2.0,1.0,C,2002.0
6749,Dirk Nowitzki,24.0,2.0,0.0,PF,2003.0
6750,Dirk Nowitzki,20.0,2.0,1.0,C,2004.0
6751,Dirk Nowitzki,24.0,2.0,1.0,PF,2005.0
6752,Dirk Nowitzki,26.0,2.0,1.0,PF,2006.0
6753,Dirk Nowitzki,23.0,3.0,1.0,PF,2007.0
6754,Dirk Nowitzki,22.0,3.0,1.0,PF,2008.0
6755,Dirk Nowitzki,25.0,2.0,1.0,PF,2009.0
6756,Dirk Nowitzki,24.0,2.0,0.0,PF,2010.0
6757,Dirk Nowitzki,20.0,2.0,0.0,PF,2011.0
6758,Dirk Nowitzki,16.0,1.0,0.0,PF,2012.0
6760,Dirk Nowitzki,21.0,2.0,0.0,PF,2014.0
6761,Dirk Nowitzki,16.0,1.0,0.0,PF,2015.0
6762,Dirk Nowitzki,16.0,1.0,0.0,PF,2016.0
6796,Dominic McGuire,4.0,2.0,1.0,SF,2009.0
7027,Donatas Motiejunas,10.0,1.0,1.0,PF,2015.0
7075,Donyell Marshall,11.0,2.0,2.0,PF,2000.0
7076,Donyell Marshall,13.0,1.0,2.0,SF,2001.0
7078,Donyell Marshall,12.0,1.0,2.0,PF,2003.0
7079,Donyell Marshall,14.0,1.0,2.0,PF,2004.0
7081,Donyell Marshall,13.0,1.0,2.0,PF,2004.0
7083,Donyell Marshall,9.0,0.0,1.0,PF,2006.0
7095,Dorell Wright,16.0,2.0,1.0,SF,2011.0
7123,Doug Christie,11.0,3.0,0.0,SG,2000.0
7124,Doug Christie,12.0,3.0,1.0,SG,2001.0
7125,Doug Christie,11.0,4.0,0.0,SG,2002.0
7126,Doug Christie,9.0,4.0,0.0,SG,2003.0
7127,Doug Christie,10.0,4.0,0.0,SG,2004.0
7195,Draymond Green,11.0,3.0,1.0,PF,2015.0
7196,Draymond Green,13.0,7.0,1.0,PF,2016.0
7197,Draymond Green,9.0,6.0,1.0,PF,2017.0
7212,Drew Gooden,11.0,1.0,1.0,PF,2004.0
7213,Drew Gooden,14.0,1.0,2.0,PF,2005.0
7214,Drew Gooden,10.0,0.0,2.0,PF,2006.0
7215,Drew Gooden,10.0,1.0,3.0,PF,2007.0
7216,Drew Gooden,10.0,0.0,2.0,PF,2008.0
7301,Dwight Howard,11.0,0.0,3.0,PF,2005.0
7302,Dwight Howard,15.0,1.0,3.0,PF,2006.0
7303,Dwight Howard,17.0,1.0,3.0,C,2007.0
7304,Dwight Howard,20.0,1.0,3.0,C,2008.0
7305,Dwight Howard,19.0,1.0,4.0,C,2009.0
7306,Dwight Howard,18.0,1.0,3.0,C,2010.0
7307,Dwight Howard,21.0,1.0,3.0,C,2011.0
7308,Dwight Howard,13.0,1.0,2.0,C,2012.0
7309,Dwight Howard,15.0,1.0,3.0,C,2013.0
7310,Dwight Howard,15.0,1.0,2.0,C,2014.0
7312,Dwight Howard,11.0,1.0,2.0,C,2016.0
7313,Dwight Howard,12.0,1.0,3.0,C,2017.0
7334,Dwyane Wade,12.0,3.0,1.0,PG,2004.0
7335,Dwyane Wade,22.0,6.0,1.0,SG,2005.0
7336,Dwyane Wade,24.0,6.0,1.0,SG,2006.0
7339,Dwyane Wade,29.0,7.0,1.0,SG,2009.0
7340,Dwyane Wade,24.0,6.0,1.0,SG,2010.0
7341,Dwyane Wade,23.0,4.0,1.0,SG,2011.0
7343,Dwyane Wade,17.0,4.0,1.0,SG,2013.0
7346,Dwyane Wade,17.0,4.0,1.0,SG,2016.0
7378,Earl Boykins,12.0,4.0,0.0,PG,2005.0
7380,Earl Boykins,11.0,3.0,0.0,PG,2007.0
7454,Earl Watson,8.0,5.0,0.0,PG,2007.0
7455,Earl Watson,10.0,6.0,0.0,PG,2008.0
7457,Earl Watson,7.0,4.0,0.0,PG,2010.0
7666,Eddie Jones,17.0,3.0,0.0,SG,2000.0
7667,Eddie Jones,13.0,2.0,0.0,SG,2001.0
7668,Eddie Jones,18.0,3.0,0.0,SG,2002.0
7670,Eddie Jones,17.0,3.0,0.0,SG,2004.0
7671,Eddie Jones,12.0,2.0,0.0,SF,2005.0
7672,Eddie Jones,10.0,2.0,0.0,SG,2006.0
7723,Eddy Curry,13.0,0.0,1.0,PF,2004.0
7726,Eddy Curry,19.0,0.0,2.0,C,2007.0
7782,Elden Campbell,12.0,1.0,2.0,C,2000.0
7783,Elden Campbell,12.0,1.0,1.0,PF,2001.0
7784,Elden Campbell,13.0,1.0,1.0,PF,2002.0
7802,Elfrid Payton,8.0,6.0,1.0,PG,2015.0
7803,Elfrid Payton,9.0,5.0,0.0,PG,2016.0
7804,Elfrid Payton,12.0,6.0,1.0,PG,2017.0
7877,Elton Brand,19.0,1.0,4.0,PF,2000.0
7878,Elton Brand,18.0,2.0,3.0,PF,2001.0
7879,Elton Brand,17.0,2.0,4.0,PF,2002.0
7880,Elton Brand,13.0,1.0,3.0,PF,2003.0
7881,Elton Brand,16.0,2.0,3.0,PF,2004.0
7882,Elton Brand,19.0,2.0,3.0,PF,2005.0
7883,Elton Brand,23.0,2.0,2.0,PF,2006.0
7884,Elton Brand,20.0,2.0,3.0,PF,2007.0
7887,Elton Brand,12.0,1.0,2.0,PF,2010.0
7888,Elton Brand,14.0,1.0,2.0,PF,2011.0
7924,Emeka Okafor,13.0,0.0,3.0,PF,2005.0
7926,Emeka Okafor,11.0,0.0,3.0,C,2007.0
7927,Emeka Okafor,13.0,0.0,3.0,C,2008.0
7928,Emeka Okafor,13.0,0.0,3.0,C,2009.0
7929,Emeka Okafor,10.0,0.0,3.0,C,2010.0
7930,Emeka Okafor,9.0,0.0,2.0,C,2011.0
7932,Emeka Okafor,9.0,1.0,2.0,C,2013.0
7933,Emmanuel Mudiay,10.0,4.0,0.0,PG,2016.0
7937,Enes Kanter,12.0,0.0,2.0,C,2014.0
7938,Enes Kanter,14.0,0.0,3.0,C,2015.0
7962,Eric Bledsoe,16.0,6.0,0.0,PG,2015.0
7964,Eric Bledsoe,16.0,5.0,0.0,PG,2017.0
7974,Eric Gordon,15.0,2.0,0.0,SG,2009.0
7975,Eric Gordon,12.0,2.0,0.0,SG,2010.0
7976,Eric Gordon,15.0,2.0,0.0,SG,2011.0
7979,Eric Gordon,12.0,2.0,0.0,SG,2014.0
7980,Eric Gordon,9.0,2.0,0.0,SG,2015.0
7982,Eric Gordon,14.0,2.0,0.0,SG,2017.0
8056,Eric Piatkowski,10.0,1.0,0.0,SG,2001.0
8075,Eric Snow,7.0,7.0,0.0,PG,2000.0
8077,Eric Snow,9.0,4.0,0.0,PG,2002.0
8078,Eric Snow,12.0,6.0,0.0,PG,2003.0
8079,Eric Snow,10.0,6.0,0.0,PG,2004.0
8081,Eric Snow,4.0,4.0,0.0,PG,2006.0
8097,Eric Williams,9.0,1.0,1.0,SF,2003.0
8117,Erick Dampier,11.0,0.0,4.0,C,2004.0
8133,Erick Strickland,10.0,2.0,0.0,SG,2000.0
8181,Ersan Ilyasova,11.0,1.0,1.0,PF,2013.0
8187,Ersan Ilyasova,13.0,1.0,1.0,PF,2017.0
8197,Ervin Johnson,4.0,0.0,2.0,C,2000.0
8249,Evan Fournier,14.0,2.0,0.0,SF,2016.0
8250,Evan Fournier,14.0,2.0,0.0,SG,2017.0
8253,Evan Turner,13.0,4.0,0.0,SF,2013.0
8254,Evan Turner,13.0,3.0,0.0,SF,2014.0
8257,Evan Turner,9.0,5.0,0.0,SG,2015.0
8258,Evan Turner,10.0,4.0,0.0,SG,2016.0
8352,Francisco Garcia,11.0,1.0,0.0,SF,2008.0
8505,Fred Hoiberg,8.0,3.0,0.0,SG,2001.0
8512,Fred Jones,9.0,2.0,0.0,SG,2005.0
8690,Gary Harris,11.0,1.0,0.0,SG,2016.0
8722,Gary Payton*,24.0,8.0,1.0,PG,2000.0
8723,Gary Payton*,22.0,7.0,0.0,PG,2001.0
8724,Gary Payton*,22.0,8.0,0.0,PG,2002.0
8725,Gary Payton*,19.0,8.0,0.0,PG,2003.0
8726,Gary Payton*,13.0,5.0,0.0,PG,2003.0
8728,Gary Payton*,14.0,5.0,0.0,PG,2004.0
8729,Gary Payton*,10.0,5.0,0.0,PG,2005.0
8730,Gary Payton*,7.0,3.0,0.0,PG,2006.0
8866,George Hill,11.0,2.0,0.0,PG,2010.0
8867,George Hill,10.0,2.0,0.0,PG,2011.0
8869,George Hill,13.0,4.0,0.0,PG,2013.0
8870,George Hill,9.0,3.0,0.0,PG,2014.0
8872,George Hill,10.0,3.0,0.0,PG,2016.0
8927,George Lynch,8.0,1.0,2.0,SF,2000.0
8928,George Lynch,8.0,1.0,2.0,SF,2001.0
8944,George McCloud,9.0,3.0,0.0,SF,2000.0
8945,George McCloud,8.0,3.0,0.0,SF,2001.0
9037,Gerald Green,15.0,1.0,0.0,SG,2014.0
9065,Gerald Henderson,12.0,2.0,0.0,SG,2013.0
9066,Gerald Henderson,13.0,2.0,0.0,SG,2014.0
9067,Gerald Henderson,11.0,2.0,0.0,SG,2015.0
9082,Gerald Wallace,9.0,1.0,1.0,SF,2005.0
9084,Gerald Wallace,15.0,2.0,1.0,SF,2007.0
9085,Gerald Wallace,14.0,2.0,0.0,PF,2008.0
9086,Gerald Wallace,14.0,2.0,1.0,SF,2009.0
9087,Gerald Wallace,16.0,1.0,1.0,SF,2010.0
9088,Gerald Wallace,13.0,2.0,1.0,SF-PF,2011.0
9091,Gerald Wallace,9.0,2.0,1.0,SF,2012.0
9094,Gerald Wallace,6.0,2.0,0.0,SF,2013.0
9126,Giannis Antetokounmpo,12.0,2.0,1.0,SG,2015.0
9127,Giannis Antetokounmpo,16.0,4.0,1.0,PG,2016.0
9128,Giannis Antetokounmpo,22.0,5.0,1.0,SF,2017.0
9131,Gilbert Arenas,18.0,6.0,1.0,PG,2003.0
9132,Gilbert Arenas,13.0,3.0,0.0,PG,2004.0
9133,Gilbert Arenas,24.0,5.0,1.0,PG,2005.0
9134,Gilbert Arenas,28.0,5.0,0.0,PG,2006.0
9135,Gilbert Arenas,25.0,5.0,0.0,PG,2007.0
9146,Glen Davis,11.0,1.0,1.0,C,2011.0
9169,Glen Rice,15.0,2.0,0.0,SF,2000.0
9170,Glen Rice,10.0,1.0,0.0,SF,2001.0
9193,Glenn Robinson,20.0,2.0,1.0,SF,2000.0
9194,Glenn Robinson,20.0,3.0,1.0,SF,2001.0
9195,Glenn Robinson,16.0,2.0,0.0,SF,2002.0
9196,Glenn Robinson,17.0,2.0,1.0,SF,2003.0
9212,Goran Dragic,13.0,6.0,0.0,PG,2013.0
9213,Goran Dragic,18.0,5.0,0.0,SG,2014.0
9214,Goran Dragic,15.0,4.0,0.0,SG-PG,2015.0
9217,Goran Dragic,12.0,5.0,0.0,PG,2016.0
9218,Goran Dragic,18.0,5.0,0.0,PG,2017.0
9219,Gordan Giricek,11.0,1.0,0.0,SG-SF,2003.0
9222,Gordan Giricek,10.0,1.0,0.0,SF-SG,2004.0
9233,Gordon Hayward,9.0,2.0,0.0,SF,2012.0
9234,Gordon Hayward,12.0,2.0,0.0,SF,2013.0
9235,Gordon Hayward,15.0,4.0,0.0,SF,2014.0
9236,Gordon Hayward,17.0,3.0,0.0,SF,2015.0
9237,Gordon Hayward,19.0,3.0,0.0,SF,2016.0
9238,Gordon Hayward,19.0,3.0,0.0,SF,2017.0
9240,Gorgui Dieng,8.0,1.0,2.0,C,2015.0
9241,Gorgui Dieng,10.0,1.0,1.0,C,2016.0
9242,Gorgui Dieng,9.0,1.0,2.0,PF,2017.0
9251,Grant Hill,23.0,4.0,1.0,SF,2000.0
9255,Grant Hill,16.0,2.0,0.0,SF,2005.0
9257,Grant Hill,11.0,1.0,0.0,SG,2007.0
9258,Grant Hill,11.0,2.0,0.0,SF,2008.0
9259,Grant Hill,12.0,2.0,0.0,SF,2009.0
9260,Grant Hill,11.0,2.0,0.0,SF,2010.0
9261,Grant Hill,12.0,2.0,0.0,SF,2011.0
9427,Greg Monroe,9.0,1.0,3.0,C,2011.0
9428,Greg Monroe,12.0,1.0,2.0,C,2012.0
9429,Greg Monroe,15.0,3.0,2.0,C,2013.0
9430,Greg Monroe,15.0,2.0,3.0,PF,2014.0
9431,Greg Monroe,13.0,1.0,2.0,PF,2015.0
9432,Greg Monroe,14.0,2.0,2.0,C,2016.0
9445,Greg Ostertag,6.0,1.0,2.0,C,2004.0
9478,Greivis Vasquez,13.0,8.0,0.0,PG,2013.0
9575,Hakim Warrick,12.0,0.0,1.0,PF,2007.0
9577,Hakim Warrick,11.0,0.0,1.0,PF,2009.0
9663,Harrison Barnes,9.0,1.0,0.0,SF,2013.0
9664,Harrison Barnes,9.0,1.0,0.0,SF,2014.0
9665,Harrison Barnes,10.0,1.0,1.0,SF,2015.0
9666,Harrison Barnes,9.0,1.0,0.0,SF,2016.0
9667,Harrison Barnes,18.0,1.0,1.0,PF,2017.0
9730,Hassan Whiteside,12.0,0.0,2.0,C,2016.0
9731,Hassan Whiteside,15.0,0.0,3.0,C,2017.0
9747,Hedo Turkoglu,9.0,1.0,0.0,SF,2004.0
9749,Hedo Turkoglu,14.0,2.0,0.0,SF,2006.0
9750,Hedo Turkoglu,11.0,2.0,0.0,SF,2007.0
9751,Hedo Turkoglu,19.0,4.0,1.0,SF,2008.0
9752,Hedo Turkoglu,15.0,4.0,0.0,SF,2009.0
9753,Hedo Turkoglu,10.0,3.0,0.0,SF,2010.0
9754,Hedo Turkoglu,10.0,4.0,0.0,SF-PF,2011.0
9866,Hollis Thompson,9.0,1.0,0.0,SG,2016.0
9886,Horace Grant,7.0,2.0,2.0,PF,2000.0
9887,Horace Grant,8.0,1.0,2.0,PF,2001.0
9888,Horace Grant,7.0,1.0,1.0,C,2002.0
9923,Howard Eisley,8.0,4.0,0.0,PG,2000.0
9924,Howard Eisley,9.0,3.0,0.0,SG,2001.0
9926,Howard Eisley,9.0,5.0,0.0,PG,2003.0
10044,Ime Udoka,7.0,1.0,1.0,SF,2007.0
10097,Isaiah Rider,14.0,2.0,0.0,SG,2000.0
10102,Isaiah Thomas,13.0,3.0,0.0,PG,2013.0
10103,Isaiah Thomas,17.0,5.0,0.0,PG,2014.0
10107,Isaiah Thomas,22.0,6.0,0.0,PG,2016.0
10108,Isaiah Thomas,26.0,5.0,0.0,PG,2017.0
10124,Ish Smith,11.0,6.0,0.0,PG,2016.0
10166,J.J. Hickson,13.0,1.0,2.0,C,2011.0
10170,J.J. Hickson,12.0,1.0,3.0,C,2013.0
10183,J.J. Redick,13.0,3.0,0.0,SG,2013.0
10187,J.J. Redick,15.0,1.0,0.0,SG,2015.0
10188,J.J. Redick,14.0,1.0,0.0,SG,2016.0
10189,J.J. Redick,14.0,1.0,0.0,SG,2017.0
10220,J.R. Smith,15.0,2.0,0.0,SG,2009.0
10221,J.R. Smith,14.0,2.0,0.0,SG,2010.0
10224,J.R. Smith,17.0,2.0,0.0,SG,2013.0
10225,J.R. Smith,13.0,2.0,0.0,SF,2014.0
10226,J.R. Smith,10.0,2.0,0.0,SG,2015.0
10229,J.R. Smith,11.0,1.0,0.0,SG,2016.0
10233,Jabari Parker,13.0,1.0,1.0,PF,2016.0
10407,Jae Crowder,12.0,1.0,0.0,SF,2016.0
10408,Jae Crowder,12.0,1.0,0.0,SF,2017.0
10461,Jalen Rose,17.0,3.0,0.0,SF,2000.0
10462,Jalen Rose,18.0,5.0,0.0,SF,2001.0
10463,Jalen Rose,20.0,4.0,0.0,SF,2002.0
10466,Jalen Rose,22.0,4.0,0.0,SF,2003.0
10467,Jalen Rose,12.0,4.0,0.0,PG-SF,2004.0
10470,Jalen Rose,18.0,2.0,0.0,SF,2005.0
10479,Jamaal Magloire,10.0,1.0,3.0,C,2003.0
10480,Jamaal Magloire,13.0,1.0,3.0,C,2004.0
10482,Jamaal Magloire,9.0,0.0,2.0,C,2006.0
10491,Jamaal Tinsley,9.0,7.0,0.0,PG,2002.0
10492,Jamaal Tinsley,6.0,6.0,0.0,PG,2003.0
10496,Jamaal Tinsley,11.0,6.0,0.0,PG,2007.0
10517,Jamal Crawford,16.0,4.0,0.0,SG,2004.0
10518,Jamal Crawford,15.0,3.0,0.0,SG,2005.0
10519,Jamal Crawford,13.0,3.0,0.0,SG,2006.0
10520,Jamal Crawford,12.0,3.0,0.0,SG,2007.0
10521,Jamal Crawford,20.0,4.0,0.0,SG,2008.0
10522,Jamal Crawford,15.0,3.0,0.0,PG-SG,2009.0
10524,Jamal Crawford,12.0,2.0,0.0,PG,2009.0
10525,Jamal Crawford,17.0,2.0,0.0,SG,2010.0
10526,Jamal Crawford,13.0,2.0,0.0,SG,2011.0
10528,Jamal Crawford,15.0,2.0,0.0,SG,2013.0
10529,Jamal Crawford,15.0,2.0,0.0,SG,2014.0
10531,Jamal Crawford,13.0,2.0,0.0,SG,2016.0
10532,Jamal Crawford,12.0,2.0,0.0,SG,2017.0
10541,Jamal Mashburn,16.0,3.0,0.0,SF,2000.0
10542,Jamal Mashburn,18.0,5.0,1.0,SF,2001.0
10544,Jamal Mashburn,21.0,5.0,0.0,SF,2003.0
10553,Jamario Moon,8.0,1.0,1.0,SF,2008.0
10554,Jamario Moon,7.0,1.0,0.0,SF,2009.0
10564,Jameer Nelson,12.0,4.0,0.0,PG,2007.0
10568,Jameer Nelson,12.0,5.0,0.0,PG,2011.0
10571,Jameer Nelson,10.0,5.0,0.0,PG,2014.0
10577,Jameer Nelson,8.0,4.0,0.0,PG,2017.0
10587,James Anderson,9.0,1.0,0.0,SG,2014.0
10660,James Harden,12.0,2.0,0.0,SG,2011.0
10662,James Harden,24.0,5.0,0.0,SG,2013.0
10663,James Harden,22.0,5.0,0.0,SG,2014.0
10664,James Harden,27.0,6.0,0.0,SG,2015.0
10665,James Harden,28.0,7.0,0.0,SG,2016.0
10666,James Harden,28.0,11.0,1.0,PG,2017.0
10680,James Johnson,11.0,3.0,0.0,PF,2017.0
10703,James Posey,8.0,1.0,1.0,SF,2000.0
10704,James Posey,8.0,1.0,1.0,SF,2001.0
10705,James Posey,9.0,2.0,1.0,SF,2002.0
10706,James Posey,10.0,2.0,1.0,SF,2003.0
10709,James Posey,13.0,1.0,1.0,SG,2004.0
10714,James Posey,8.0,1.0,0.0,SG,2009.0
10781,Jamie Feick,5.0,0.0,3.0,C,2000.0
10798,JaMychal Green,8.0,1.0,2.0,PF,2017.0
10841,Jared Dudley,10.0,1.0,1.0,SF,2011.0
10842,Jared Dudley,10.0,1.0,1.0,SG,2012.0
10843,Jared Dudley,10.0,2.0,0.0,SF,2013.0
10846,Jared Dudley,7.0,2.0,0.0,PF,2016.0
10850,Jared Jeffries,6.0,1.0,1.0,SF,2005.0
10866,Jared Sullinger,11.0,1.0,2.0,PF,2014.0
10892,Jarrett Jack,11.0,5.0,0.0,PG,2007.0
10893,Jarrett Jack,9.0,3.0,0.0,SG,2008.0
10894,Jarrett Jack,13.0,4.0,0.0,SG,2009.0
10895,Jarrett Jack,11.0,5.0,0.0,PG,2010.0
10900,Jarrett Jack,12.0,5.0,0.0,SG,2013.0
10901,Jarrett Jack,9.0,3.0,0.0,PG,2014.0
10902,Jarrett Jack,11.0,4.0,0.0,PG,2015.0
10918,Jarvis Hayes,8.0,1.0,0.0,SF,2004.0
10937,Jason Caffey,10.0,1.0,2.0,PF,2000.0
10948,Jason Collins,5.0,1.0,1.0,C,2004.0
10949,Jason Collins,6.0,1.0,1.0,C,2005.0
10994,Jason Kidd,11.0,8.0,1.0,PG,2000.0
10995,Jason Kidd,15.0,9.0,1.0,PG,2001.0
10996,Jason Kidd,14.0,9.0,1.0,PG,2002.0
10997,Jason Kidd,18.0,8.0,1.0,PG,2003.0
10998,Jason Kidd,12.0,7.0,1.0,PG,2004.0
10999,Jason Kidd,11.0,6.0,1.0,PG,2005.0
11000,Jason Kidd,12.0,8.0,1.0,PG,2006.0
11001,Jason Kidd,12.0,8.0,1.0,PG,2007.0
11002,Jason Kidd,10.0,9.0,1.0,PG,2008.0
11005,Jason Kidd,8.0,8.0,1.0,PG,2009.0
11006,Jason Kidd,10.0,8.0,0.0,PG,2010.0
11007,Jason Kidd,7.0,7.0,0.0,PG,2011.0
11009,Jason Kidd,5.0,3.0,0.0,SG,2013.0
11022,Jason Richardson,14.0,2.0,1.0,SG,2002.0
11023,Jason Richardson,15.0,3.0,1.0,SG,2003.0
11024,Jason Richardson,17.0,2.0,1.0,SG,2004.0
11025,Jason Richardson,19.0,3.0,1.0,SG,2005.0
11026,Jason Richardson,21.0,2.0,1.0,SG,2006.0
11028,Jason Richardson,21.0,3.0,0.0,SF,2008.0
11029,Jason Richardson,14.0,1.0,0.0,SG,2009.0
11032,Jason Richardson,15.0,1.0,0.0,SG,2010.0
11033,Jason Richardson,15.0,1.0,0.0,SG,2011.0
11053,Jason Terry,19.0,4.0,0.0,SG,2001.0
11054,Jason Terry,18.0,5.0,0.0,SG,2002.0
11055,Jason Terry,17.0,7.0,0.0,PG,2003.0
11056,Jason Terry,16.0,5.0,0.0,PG,2004.0
11057,Jason Terry,12.0,5.0,0.0,PG,2005.0
11058,Jason Terry,16.0,3.0,0.0,PG,2006.0
11059,Jason Terry,16.0,5.0,0.0,SG,2007.0
11060,Jason Terry,15.0,3.0,0.0,SG,2008.0
11061,Jason Terry,17.0,3.0,0.0,SG,2009.0
11062,Jason Terry,15.0,3.0,0.0,SG,2010.0
11063,Jason Terry,15.0,4.0,0.0,SG,2011.0
11064,Jason Terry,11.0,2.0,0.0,SG,2012.0
11065,Jason Terry,9.0,2.0,0.0,SG,2013.0
11070,Jason Thompson,11.0,1.0,2.0,PF,2009.0
11071,Jason Thompson,11.0,1.0,2.0,C,2010.0
11074,Jason Thompson,10.0,1.0,2.0,PF,2013.0
11075,Jason Thompson,7.0,0.0,1.0,PF,2014.0
11081,Jason Williams,12.0,7.0,0.0,PG,2000.0
11082,Jason Williams,8.0,5.0,0.0,PG,2001.0
11083,Jason Williams,11.0,6.0,0.0,PG,2002.0
11084,Jason Williams,11.0,7.0,0.0,PG,2003.0
11085,Jason Williams,9.0,6.0,0.0,PG,2004.0
11096,JaVale McGee,9.0,0.0,2.0,C,2011.0
11234,Jeff Green,10.0,1.0,1.0,SF,2008.0
11235,Jeff Green,15.0,1.0,1.0,PF,2009.0
11236,Jeff Green,15.0,1.0,1.0,PF,2010.0
11237,Jeff Green,12.0,1.0,0.0,PF-SF,2011.0
11240,Jeff Green,12.0,1.0,0.0,PF,2013.0
11241,Jeff Green,16.0,1.0,0.0,SF,2014.0
11242,Jeff Green,14.0,1.0,0.0,SF,2015.0
11245,Jeff Green,11.0,1.0,0.0,SF,2016.0
11268,Jeff Hornacek,11.0,2.0,0.0,SG,2000.0
11305,Jeff McInnis,12.0,5.0,0.0,PG,2001.0
11306,Jeff McInnis,14.0,6.0,0.0,PG,2002.0
11308,Jeff McInnis,10.0,5.0,0.0,SG-PG,2004.0
11311,Jeff McInnis,11.0,4.0,0.0,PG,2005.0
11345,Jeff Teague,10.0,3.0,0.0,PG,2012.0
11346,Jeff Teague,14.0,7.0,0.0,PG,2013.0
11347,Jeff Teague,15.0,6.0,0.0,PG,2014.0
11348,Jeff Teague,14.0,6.0,0.0,PG,2015.0
11349,Jeff Teague,15.0,5.0,0.0,PG,2016.0
11350,Jeff Teague,15.0,7.0,0.0,PG,2017.0
11398,Jerami Grant,9.0,1.0,1.0,SF,2016.0
11416,Jeremy Lin,13.0,6.0,0.0,PG,2013.0
11417,Jeremy Lin,10.0,3.0,0.0,PG,2014.0
11419,Jeremy Lin,11.0,2.0,0.0,SG,2016.0
11451,Jermaine O'Neal,12.0,1.0,3.0,C,2001.0
11452,Jermaine O'Neal,16.0,1.0,2.0,PF,2002.0
11453,Jermaine O'Neal,19.0,1.0,2.0,PF,2003.0
11454,Jermaine O'Neal,19.0,2.0,2.0,PF,2004.0
11457,Jermaine O'Neal,16.0,2.0,1.0,C,2007.0
11459,Jermaine O'Neal,11.0,1.0,1.0,C,2009.0
11549,Jerome Williams,8.0,0.0,3.0,PF,2000.0
11554,Jerome Williams,8.0,1.0,2.0,PF,2003.0
11637,Jerry Stackhouse,23.0,4.0,1.0,SG,2000.0
11638,Jerry Stackhouse,29.0,5.0,1.0,SG,2001.0
11639,Jerry Stackhouse,19.0,4.0,0.0,SF,2002.0
11640,Jerry Stackhouse,18.0,3.0,0.0,SG,2003.0
11819,Jim Jackson,16.0,2.0,1.0,SF,2000.0
11825,Jim Jackson,12.0,2.0,0.0,SF,2004.0
12012,Jimmy Butler,8.0,1.0,1.0,SF,2013.0
12013,Jimmy Butler,10.0,2.0,1.0,SG,2014.0
12014,Jimmy Butler,15.0,2.0,1.0,SG,2015.0
12015,Jimmy Butler,17.0,3.0,0.0,SG,2016.0
12016,Jimmy Butler,22.0,5.0,1.0,SF,2017.0
12044,Jiri Welsch,9.0,2.0,0.0,SG,2004.0
12071,Joakim Noah,9.0,3.0,3.0,C,2013.0
12072,Joakim Noah,12.0,5.0,3.0,C,2014.0
12073,Joakim Noah,5.0,3.0,2.0,C,2015.0
12081,Jodie Meeks,9.0,0.0,0.0,SG,2011.0
12084,Jodie Meeks,14.0,1.0,0.0,SG,2014.0
12214,Joe Johnson,9.0,2.0,0.0,SG,2003.0
12215,Joe Johnson,16.0,4.0,0.0,SG,2004.0
12216,Joe Johnson,17.0,3.0,1.0,SF,2005.0
12217,Joe Johnson,20.0,6.0,1.0,SG,2006.0
12218,Joe Johnson,17.0,3.0,0.0,SG,2007.0
12219,Joe Johnson,21.0,5.0,1.0,SG,2008.0
12220,Joe Johnson,20.0,5.0,0.0,SG,2009.0
12221,Joe Johnson,19.0,4.0,0.0,SG,2010.0
12222,Joe Johnson,16.0,4.0,0.0,SG,2011.0
12223,Joe Johnson,13.0,2.0,0.0,SG,2012.0
12224,Joe Johnson,14.0,3.0,0.0,SG,2013.0
12225,Joe Johnson,15.0,2.0,0.0,SG,2014.0
12226,Joe Johnson,14.0,3.0,0.0,SG,2015.0
12227,Joe Johnson,12.0,3.0,0.0,SF,2016.0
12290,Joe Smith,10.0,0.0,2.0,PF,2004.0
12291,Joe Smith,9.0,0.0,2.0,PF,2005.0
12704,John Salmons,7.0,2.0,0.0,SG,2006.0
12705,John Salmons,8.0,3.0,0.0,SG,2007.0
12706,John Salmons,12.0,2.0,0.0,SG,2008.0
12707,John Salmons,17.0,3.0,0.0,SF,2009.0
12710,John Salmons,15.0,2.0,0.0,SG,2010.0
12713,John Salmons,12.0,3.0,0.0,SG,2011.0
12715,John Salmons,8.0,2.0,0.0,SF,2013.0
12752,John Starks,8.0,2.0,0.0,SG,2001.0
12769,John Stockton*,12.0,8.0,0.0,PG,2000.0
12770,John Stockton*,11.0,8.0,0.0,PG,2001.0
12771,John Stockton*,13.0,8.0,0.0,PG,2002.0
12772,John Stockton*,10.0,7.0,0.0,PG,2003.0
12824,John Wall,13.0,7.0,0.0,PG,2011.0
12825,John Wall,13.0,6.0,0.0,PG,2012.0
12827,John Wall,19.0,8.0,0.0,PG,2014.0
12828,John Wall,16.0,9.0,0.0,PG,2015.0
12829,John Wall,18.0,9.0,0.0,PG,2016.0
12830,John Wall,22.0,10.0,0.0,PG,2017.0
12980,Johnny Newman,10.0,1.0,0.0,SG,2001.0
13061,Jonas Jerebko,9.0,0.0,2.0,PF,2010.0
13071,Jonas Valanciunas,11.0,0.0,2.0,C,2014.0
13072,Jonas Valanciunas,11.0,0.0,2.0,C,2015.0
13074,Jonas Valanciunas,11.0,0.0,2.0,C,2017.0
13087,Jonny Flynn,13.0,4.0,0.0,PG,2010.0
13095,Jordan Clarkson,14.0,2.0,1.0,SG,2016.0
13096,Jordan Clarkson,14.0,2.0,0.0,SG,2017.0
13153,Jose Calderon,11.0,8.0,0.0,PG,2008.0
13154,Jose Calderon,10.0,7.0,0.0,PG,2009.0
13156,Jose Calderon,8.0,7.0,0.0,PG,2011.0
13158,Jose Calderon,10.0,6.0,0.0,PG,2013.0
13161,Jose Calderon,11.0,4.0,0.0,PG,2014.0
13163,Jose Calderon,6.0,3.0,0.0,PG,2016.0
13177,Josh Childress,9.0,1.0,2.0,SG,2005.0
13178,Josh Childress,9.0,1.0,1.0,SF,2006.0
13179,Josh Childress,8.0,1.0,1.0,SG,2007.0
13180,Josh Childress,10.0,1.0,2.0,SF,2008.0
13197,Josh Howard,11.0,1.0,2.0,SF,2005.0
13199,Josh Howard,16.0,1.0,1.0,SF,2007.0
13200,Josh Howard,18.0,2.0,1.0,SF,2008.0
13218,Josh McRoberts,8.0,4.0,1.0,PF,2014.0
13235,Josh Smith,8.0,1.0,1.0,SF,2005.0
13236,Josh Smith,11.0,2.0,2.0,SF,2006.0
13237,Josh Smith,14.0,2.0,2.0,SF,2007.0
13238,Josh Smith,17.0,3.0,1.0,PF,2008.0
13239,Josh Smith,13.0,2.0,1.0,PF,2009.0
13240,Josh Smith,15.0,4.0,2.0,PF,2010.0
13241,Josh Smith,15.0,3.0,1.0,PF,2011.0
13242,Josh Smith,15.0,3.0,1.0,PF,2012.0
13243,Josh Smith,16.0,3.0,1.0,PF,2013.0
13244,Josh Smith,15.0,3.0,1.0,SF,2014.0
13245,Josh Smith,12.0,3.0,1.0,PF,2015.0
13252,Jrue Holiday,13.0,6.0,0.0,PG,2011.0
13253,Jrue Holiday,10.0,3.0,0.0,PG,2012.0
13254,Jrue Holiday,16.0,7.0,1.0,PG,2013.0
13258,Jrue Holiday,12.0,5.0,0.0,PG,2017.0
13259,Juan Carlos,10.0,2.0,0.0,SG,2008.0
13311,Julius Randle,11.0,1.0,2.0,PF,2016.0
13312,Julius Randle,11.0,3.0,1.0,PF,2017.0
13318,Jumaine Jones,8.0,1.0,1.0,PF,2002.0
13319,Jumaine Jones,9.0,1.0,1.0,SF,2003.0
13322,Jumaine Jones,9.0,0.0,1.0,PF,2006.0
13337,Junior Harrington,5.0,3.0,0.0,PG,2003.0
13373,Justise Winslow,6.0,1.0,0.0,SF,2016.0
13387,Juwan Howard,14.0,3.0,1.0,PF,2000.0
13388,Juwan Howard,17.0,2.0,2.0,PF,2001.0
13391,Juwan Howard,14.0,2.0,2.0,PF,2002.0
13394,Juwan Howard,17.0,2.0,2.0,PF,2003.0
13395,Juwan Howard,16.0,1.0,2.0,PF,2004.0
13397,Juwan Howard,11.0,1.0,2.0,PF,2006.0
13398,Juwan Howard,9.0,1.0,1.0,PF,2007.0
13471,Karl Malone*,25.0,3.0,2.0,PF,2000.0
13472,Karl Malone*,22.0,4.0,1.0,PF,2001.0
13473,Karl Malone*,21.0,4.0,1.0,PF,2002.0
13474,Karl Malone*,20.0,4.0,1.0,PF,2003.0
13476,Karl-Anthony Towns,18.0,1.0,2.0,C,2016.0
13477,Karl-Anthony Towns,25.0,2.0,3.0,C,2017.0
13482,Kawhi Leonard,12.0,1.0,1.0,SF,2015.0
13483,Kawhi Leonard,18.0,2.0,1.0,SF,2016.0
13484,Kawhi Leonard,23.0,3.0,0.0,SF,2017.0
13510,Keith Bogans,8.0,1.0,0.0,SG,2008.0
13567,Keith Van,18.0,1.0,2.0,PF,2000.0
13569,Keith Van,14.0,2.0,1.0,SF,2002.0
13570,Keith Van,14.0,1.0,1.0,PF,2003.0
13571,Keith Van,14.0,1.0,1.0,SF,2004.0
13580,Kelenna Azubuike,12.0,1.0,1.0,SF,2009.0
13627,Kemba Walker,17.0,5.0,0.0,PG,2013.0
13628,Kemba Walker,15.0,5.0,0.0,PG,2014.0
13629,Kemba Walker,13.0,3.0,0.0,PG,2015.0
13630,Kemba Walker,20.0,5.0,0.0,PG,2016.0
13631,Kemba Walker,22.0,5.0,0.0,PG,2017.0
13683,Kendall Gill,12.0,2.0,1.0,SF,2000.0
13686,Kendall Gill,8.0,1.0,0.0,SG,2003.0
13698,Kendrick Perkins,7.0,1.0,2.0,C,2009.0
13699,Kendrick Perkins,9.0,0.0,1.0,C,2010.0
13716,Kenneth Faried,11.0,0.0,3.0,PF,2013.0
13717,Kenneth Faried,13.0,1.0,2.0,PF,2014.0
13718,Kenneth Faried,11.0,1.0,2.0,PF,2015.0
13733,Kenny Anderson,14.0,5.0,0.0,PG,2000.0
13735,Kenny Anderson,8.0,4.0,0.0,PG,2002.0
13842,Kenny Thomas,12.0,1.0,1.0,PF,2002.0
13846,Kenny Thomas,12.0,1.0,3.0,PF,2004.0
13847,Kenny Thomas,11.0,1.0,2.0,PF,2005.0
13850,Kenny Thomas,9.0,2.0,2.0,PF,2006.0
13871,Kent Bazemore,10.0,2.0,0.0,SF,2016.0
13887,Kentavious Caldwell-Pope,12.0,1.0,0.0,SG,2015.0
13888,Kentavious Caldwell-Pope,13.0,1.0,0.0,SG,2016.0
13889,Kentavious Caldwell-Pope,12.0,2.0,0.0,SG,2017.0
13891,Kenyon Martin,9.0,1.0,1.0,PF,2001.0
13892,Kenyon Martin,13.0,2.0,1.0,PF,2002.0
13893,Kenyon Martin,15.0,2.0,2.0,PF,2003.0
13894,Kenyon Martin,13.0,1.0,1.0,PF,2004.0
13895,Kenyon Martin,13.0,2.0,1.0,PF,2005.0
13898,Kenyon Martin,10.0,1.0,1.0,PF,2008.0
13899,Kenyon Martin,9.0,1.0,0.0,PF,2009.0
13911,Keon Clark,11.0,1.0,2.0,C,2002.0
13930,Kerry Kittles,13.0,2.0,0.0,SG,2002.0
13932,Kerry Kittles,13.0,2.0,0.0,SG,2004.0
13951,Kevin Durant,19.0,2.0,0.0,SG,2008.0
13952,Kevin Durant,22.0,2.0,0.0,SF,2009.0
13953,Kevin Durant,30.0,2.0,1.0,SF,2010.0
13954,Kevin Durant,26.0,2.0,0.0,SF,2011.0
13955,Kevin Durant,22.0,2.0,0.0,SF,2012.0
13956,Kevin Durant,27.0,4.0,0.0,SF,2013.0
13957,Kevin Durant,31.0,5.0,0.0,SF,2014.0
13959,Kevin Durant,24.0,4.0,0.0,SF,2016.0
13960,Kevin Durant,18.0,3.0,0.0,SF,2017.0
13990,Kevin Garnett,22.0,4.0,2.0,PF,2000.0
13991,Kevin Garnett,21.0,4.0,2.0,PF,2001.0
13992,Kevin Garnett,20.0,5.0,2.0,PF,2002.0
13993,Kevin Garnett,22.0,6.0,2.0,PF,2003.0
13994,Kevin Garnett,24.0,4.0,2.0,PF,2004.0
13995,Kevin Garnett,22.0,5.0,3.0,PF,2005.0
13996,Kevin Garnett,20.0,3.0,2.0,PF,2006.0
13997,Kevin Garnett,20.0,3.0,2.0,PF,2007.0
13998,Kevin Garnett,16.0,2.0,1.0,PF,2008.0
14000,Kevin Garnett,12.0,2.0,0.0,PF,2010.0
14001,Kevin Garnett,12.0,2.0,1.0,PF,2011.0
14003,Kevin Garnett,12.0,1.0,0.0,C,2013.0
14069,Kevin Love,10.0,1.0,3.0,C,2009.0
14071,Kevin Love,18.0,2.0,4.0,PF,2011.0
14072,Kevin Love,17.0,1.0,2.0,PF,2012.0
14074,Kevin Love,24.0,4.0,2.0,PF,2014.0
14075,Kevin Love,14.0,2.0,1.0,PF,2015.0
14076,Kevin Love,15.0,2.0,1.0,PF,2016.0
14082,Kevin Martin,19.0,2.0,0.0,SG,2007.0
14083,Kevin Martin,17.0,1.0,0.0,SG,2008.0
14088,Kevin Martin,22.0,2.0,0.0,SG,2011.0
14090,Kevin Martin,13.0,1.0,0.0,SG,2013.0
14091,Kevin Martin,15.0,1.0,0.0,SG,2014.0
14237,Keyon Dooling,9.0,3.0,0.0,PG,2009.0
14254,Khris Middleton,12.0,2.0,0.0,SF,2014.0
14255,Khris Middleton,12.0,2.0,0.0,SF,2015.0
14256,Khris Middleton,17.0,4.0,0.0,SG,2016.0
14284,Kirk Hinrich,11.0,6.0,0.0,PG,2004.0
14285,Kirk Hinrich,14.0,6.0,0.0,PG,2005.0
14286,Kirk Hinrich,15.0,6.0,0.0,PG,2006.0
14287,Kirk Hinrich,16.0,6.0,0.0,PG,2007.0
14288,Kirk Hinrich,10.0,5.0,0.0,PG,2008.0
14290,Kirk Hinrich,9.0,4.0,0.0,SG,2010.0
14291,Kirk Hinrich,8.0,3.0,0.0,SG-PG,2011.0
14296,Kirk Hinrich,8.0,3.0,0.0,PG,2014.0
14312,Klay Thompson,16.0,2.0,0.0,SG,2013.0
14313,Klay Thompson,18.0,2.0,0.0,SG,2014.0
14314,Klay Thompson,20.0,2.0,0.0,SG,2015.0
14315,Klay Thompson,21.0,2.0,0.0,SG,2016.0
14316,Klay Thompson,21.0,1.0,0.0,SG,2017.0
14325,Kobe Bryant,18.0,3.0,1.0,SG,2000.0
14326,Kobe Bryant,23.0,4.0,1.0,SG,2001.0
14327,Kobe Bryant,24.0,5.0,1.0,SG,2002.0
14328,Kobe Bryant,30.0,5.0,1.0,SG,2003.0
14329,Kobe Bryant,18.0,4.0,1.0,SG,2004.0
14330,Kobe Bryant,22.0,4.0,1.0,SG,2005.0
14331,Kobe Bryant,34.0,4.0,0.0,SG,2006.0
14332,Kobe Bryant,29.0,5.0,0.0,SG,2007.0
14333,Kobe Bryant,28.0,5.0,1.0,SG,2008.0
14334,Kobe Bryant,26.0,4.0,1.0,SG,2009.0
14335,Kobe Bryant,24.0,4.0,0.0,SG,2010.0
14336,Kobe Bryant,25.0,4.0,1.0,SG,2011.0
14337,Kobe Bryant,19.0,3.0,0.0,SG,2012.0
14338,Kobe Bryant,26.0,5.0,0.0,SG,2013.0
14373,Kris Humphries,9.0,1.0,2.0,PF,2011.0
14374,Kris Humphries,10.0,1.0,2.0,PF,2012.0
14386,Kristaps Porzingis,12.0,1.0,1.0,PF,2016.0
14387,Kristaps Porzingis,14.0,1.0,1.0,PF,2017.0
14424,Kurt Thomas,9.0,0.0,2.0,PF,2001.0
14425,Kurt Thomas,13.0,1.0,2.0,C,2002.0
14426,Kurt Thomas,13.0,1.0,1.0,C,2003.0
14427,Kurt Thomas,10.0,1.0,1.0,PF,2004.0
14428,Kurt Thomas,11.0,1.0,2.0,PF,2005.0
14441,Kwame Brown,9.0,1.0,2.0,PF,2004.0
14457,Kyle Korver,11.0,2.0,0.0,SF,2005.0
14458,Kyle Korver,11.0,1.0,0.0,SF,2006.0
14459,Kyle Korver,13.0,1.0,0.0,SF,2007.0
14467,Kyle Korver,9.0,1.0,0.0,SF,2013.0
14468,Kyle Korver,10.0,2.0,0.0,SG,2014.0
14469,Kyle Korver,11.0,2.0,0.0,SG,2015.0
14470,Kyle Korver,9.0,2.0,0.0,SG,2016.0
14475,Kyle Lowry,9.0,3.0,0.0,PG,2008.0
14480,Kyle Lowry,12.0,6.0,1.0,PG,2011.0
14482,Kyle Lowry,9.0,5.0,0.0,PG,2013.0
14483,Kyle Lowry,17.0,7.0,1.0,PG,2014.0
14484,Kyle Lowry,15.0,5.0,0.0,PG,2015.0
14485,Kyle Lowry,19.0,6.0,0.0,PG,2016.0
14486,Kyle Lowry,16.0,5.0,0.0,PG,2017.0
14499,Kyle Singler,8.0,0.0,1.0,SF,2013.0
14500,Kyle Singler,9.0,0.0,1.0,SF,2014.0
14511,Kyrie Irving,16.0,4.0,0.0,PG,2013.0
14512,Kyrie Irving,18.0,5.0,0.0,PG,2014.0
14513,Kyrie Irving,19.0,4.0,0.0,PG,2015.0
14515,Kyrie Irving,22.0,5.0,0.0,PG,2017.0
14532,Lamar Odom,15.0,3.0,1.0,SF,2000.0
14533,Lamar Odom,15.0,4.0,1.0,PF,2001.0
14536,Lamar Odom,16.0,3.0,1.0,PF,2004.0
14537,Lamar Odom,11.0,2.0,1.0,PF,2005.0
14538,Lamar Odom,14.0,5.0,2.0,PF,2006.0
14539,Lamar Odom,10.0,3.0,1.0,PF,2007.0
14540,Lamar Odom,13.0,3.0,2.0,PF,2008.0
14541,Lamar Odom,10.0,2.0,2.0,PF,2009.0
14542,Lamar Odom,10.0,3.0,2.0,PF,2010.0
14543,Lamar Odom,14.0,3.0,2.0,PF,2011.0
14549,LaMarcus Aldridge,16.0,1.0,2.0,PF,2008.0
14550,LaMarcus Aldridge,17.0,1.0,2.0,PF,2009.0
14551,LaMarcus Aldridge,16.0,1.0,2.0,PF,2010.0
14552,LaMarcus Aldridge,21.0,2.0,3.0,PF,2011.0
14554,LaMarcus Aldridge,19.0,2.0,2.0,PF,2013.0
14555,LaMarcus Aldridge,19.0,2.0,2.0,PF,2014.0
14556,LaMarcus Aldridge,20.0,1.0,2.0,PF,2015.0
14557,LaMarcus Aldridge,16.0,1.0,2.0,PF,2016.0
14558,LaMarcus Aldridge,15.0,1.0,2.0,PF,2017.0
14565,Lamond Murray,14.0,1.0,1.0,SF,2000.0
14566,Lamond Murray,12.0,1.0,1.0,SF,2001.0
14567,Lamond Murray,14.0,1.0,0.0,SF,2002.0
14585,Lance Stephenson,8.0,2.0,0.0,SG,2013.0
14586,Lance Stephenson,13.0,4.0,1.0,SG,2014.0
14603,Landry Fields,9.0,1.0,1.0,SG,2011.0
14609,Langston Galloway,7.0,2.0,0.0,PG,2016.0
14690,Larry Hughes,14.0,2.0,1.0,SG,2000.0
14694,Larry Hughes,10.0,3.0,1.0,SG,2002.0
14695,Larry Hughes,10.0,2.0,0.0,PG,2003.0
14696,Larry Hughes,14.0,1.0,1.0,SG,2004.0
14697,Larry Hughes,16.0,3.0,0.0,SG,2005.0
14699,Larry Hughes,12.0,3.0,0.0,SG,2007.0
14700,Larry Hughes,10.0,2.0,0.0,PG-SG,2008.0
14719,Larry Johnson,9.0,2.0,1.0,PF,2000.0
14720,Larry Johnson,7.0,1.0,1.0,PF,2001.0
14885,Latrell Sprewell,18.0,4.0,0.0,SF,2000.0
14886,Latrell Sprewell,16.0,3.0,0.0,SF,2001.0
14887,Latrell Sprewell,19.0,3.0,0.0,SF,2002.0
14888,Latrell Sprewell,14.0,4.0,0.0,SF,2003.0
14889,Latrell Sprewell,16.0,3.0,0.0,SF,2004.0
14890,Latrell Sprewell,12.0,2.0,0.0,SF,2005.0
14922,Leandro Barbosa,17.0,3.0,0.0,SG,2007.0
14923,Leandro Barbosa,15.0,2.0,0.0,SG,2008.0
14935,LeBron James,20.0,5.0,1.0,SG,2004.0
14936,LeBron James,26.0,7.0,1.0,SF,2005.0
14937,LeBron James,30.0,6.0,0.0,SF,2006.0
14938,LeBron James,26.0,5.0,1.0,SF,2007.0
14939,LeBron James,27.0,6.0,1.0,SF,2008.0
14940,LeBron James,28.0,7.0,1.0,SF,2009.0
14941,LeBron James,27.0,7.0,0.0,SF,2010.0
14942,LeBron James,25.0,6.0,0.0,SF,2011.0
14943,LeBron James,20.0,4.0,1.0,SF,2012.0
14944,LeBron James,24.0,6.0,1.0,PF,2013.0
14945,LeBron James,25.0,5.0,0.0,PF,2014.0
14946,LeBron James,21.0,6.0,0.0,SF,2015.0
14947,LeBron James,23.0,6.0,1.0,SF,2016.0
14948,LeBron James,23.0,7.0,1.0,SF,2017.0
14974,Lee Nailon,11.0,1.0,1.0,SF,2005.0
15158,Lindsey Hunter,12.0,3.0,0.0,PG,2000.0
15159,Lindsey Hunter,10.0,2.0,0.0,PG,2001.0
15271,Lorenzen Wright,9.0,1.0,2.0,C,2005.0
15350,Lou Williams,15.0,2.0,0.0,SG,2015.0
15403,Luc Mbah,7.0,1.0,2.0,PF,2009.0
15405,Luc Mbah,6.0,0.0,2.0,PF,2011.0
15424,Lucious Harris,8.0,1.0,0.0,SG,2001.0
15449,Luis Scola,10.0,1.0,2.0,PF,2008.0
15450,Luis Scola,12.0,1.0,2.0,PF,2009.0
15451,Luis Scola,16.0,2.0,2.0,PF,2010.0
15452,Luis Scola,16.0,2.0,1.0,PF,2011.0
15453,Luis Scola,12.0,1.0,1.0,PF,2012.0
15454,Luis Scola,12.0,2.0,1.0,PF,2013.0
15485,Luke Ridnour,10.0,5.0,0.0,PG,2005.0
15486,Luke Ridnour,11.0,6.0,0.0,PG,2006.0
15487,Luke Ridnour,9.0,4.0,0.0,PG,2007.0
15489,Luke Ridnour,8.0,4.0,0.0,PG,2009.0
15491,Luke Ridnour,10.0,4.0,0.0,PG,2011.0
15493,Luke Ridnour,11.0,3.0,0.0,SG,2013.0
15517,Luol Deng,13.0,1.0,1.0,SF,2006.0
15518,Luol Deng,18.0,2.0,1.0,SF,2007.0
15519,Luol Deng,13.0,1.0,1.0,SF,2008.0
15521,Luol Deng,15.0,1.0,1.0,SF,2010.0
15522,Luol Deng,17.0,2.0,1.0,SF,2011.0
15523,Luol Deng,10.0,1.0,0.0,SF,2012.0
15524,Luol Deng,15.0,2.0,1.0,SF,2013.0
15525,Luol Deng,12.0,2.0,1.0,SF,2014.0
15528,Luol Deng,12.0,1.0,1.0,SF,2015.0
15529,Luol Deng,11.0,1.0,1.0,PF,2016.0
15532,Luther Head,8.0,2.0,0.0,SG,2006.0
15533,Luther Head,10.0,2.0,0.0,SG,2007.0
15632,Malik Allen,9.0,0.0,1.0,PF,2003.0
15672,Malik Sealy,11.0,2.0,1.0,SF,2000.0
15687,Manu Ginobili,12.0,3.0,1.0,SG,2004.0
15688,Manu Ginobili,14.0,3.0,0.0,SG,2005.0
15690,Manu Ginobili,15.0,3.0,0.0,SG,2007.0
15691,Manu Ginobili,17.0,4.0,0.0,SG,2008.0
15693,Manu Ginobili,15.0,4.0,0.0,SG,2010.0
15694,Manu Ginobili,16.0,4.0,0.0,SG,2011.0
15714,Marc Gasol,11.0,1.0,2.0,C,2009.0
15715,Marc Gasol,12.0,2.0,2.0,C,2010.0
15716,Marc Gasol,11.0,2.0,1.0,C,2011.0
15717,Marc Gasol,11.0,2.0,1.0,C,2012.0
15718,Marc Gasol,13.0,3.0,2.0,C,2013.0
15720,Marc Gasol,17.0,3.0,1.0,C,2015.0
15722,Marc Gasol,17.0,4.0,0.0,C,2017.0
15750,Marcin Gortat,9.0,0.0,1.0,C,2011.0
15753,Marcin Gortat,12.0,0.0,2.0,C,2012.0
15755,Marcin Gortat,13.0,1.0,2.0,C,2014.0
15756,Marcin Gortat,12.0,1.0,2.0,C,2015.0
15757,Marcin Gortat,12.0,1.0,2.0,C,2016.0
15758,Marcin Gortat,10.0,1.0,2.0,C,2017.0
15765,Marco Belinelli,11.0,2.0,0.0,SF,2014.0
15789,Marcus Camby,9.0,0.0,2.0,C,2001.0
15792,Marcus Camby,7.0,1.0,2.0,C,2004.0
15793,Marcus Camby,8.0,1.0,1.0,C,2005.0
15795,Marcus Camby,9.0,2.0,2.0,C,2007.0
15796,Marcus Camby,8.0,3.0,2.0,C,2008.0
15798,Marcus Camby,6.0,2.0,3.0,PF-C,2010.0
15832,Marcus Morris,10.0,1.0,0.0,PF,2015.0
15833,Marcus Morris,13.0,2.0,1.0,SF,2016.0
15834,Marcus Morris,13.0,1.0,0.0,SF,2017.0
15837,Marcus Smart,10.0,4.0,0.0,SG,2017.0
15875,Mario Chalmers,9.0,4.0,0.0,PG,2009.0
15879,Mario Chalmers,8.0,3.0,0.0,PG,2013.0
15880,Mario Chalmers,8.0,4.0,0.0,PG,2014.0
15881,Mario Chalmers,9.0,3.0,0.0,PG,2015.0
15896,Mario Elie,7.0,2.0,0.0,SF,2000.0
15939,Mark Blount,10.0,0.0,2.0,C,2004.0
15940,Mark Blount,9.0,1.0,1.0,C,2005.0
15941,Mark Blount,11.0,1.0,1.0,C,2006.0
15944,Mark Blount,12.0,0.0,1.0,C,2007.0
16006,Mark Jackson,8.0,7.0,0.0,PG,2000.0
16007,Mark Jackson,7.0,8.0,0.0,PG,2001.0
16010,Mark Jackson,8.0,7.0,0.0,PG,2002.0
16133,Markieff Morris,13.0,1.0,1.0,PF,2014.0
16134,Markieff Morris,15.0,2.0,1.0,PF,2015.0
16138,Markieff Morris,12.0,1.0,1.0,PF,2017.0
16142,Marko Jaric,7.0,3.0,0.0,PG,2006.0
16144,Marko Jaric,7.0,3.0,0.0,SG,2008.0
16204,Martell Webster,9.0,1.0,0.0,SF,2008.0
16206,Martell Webster,9.0,0.0,0.0,SF,2010.0
16209,Martell Webster,10.0,1.0,0.0,SF,2013.0
16210,Martell Webster,9.0,1.0,0.0,SF,2014.0
16258,Marvin Williams,10.0,1.0,1.0,PF,2007.0
16259,Marvin Williams,14.0,1.0,1.0,SF,2008.0
16260,Marvin Williams,10.0,0.0,1.0,SF,2009.0
16261,Marvin Williams,10.0,1.0,1.0,SF,2010.0
16266,Marvin Williams,7.0,1.0,0.0,PF,2015.0
16267,Marvin Williams,11.0,1.0,1.0,PF,2016.0
16268,Marvin Williams,10.0,1.0,1.0,PF,2017.0
16271,Mason Plumlee,9.0,2.0,2.0,C,2016.0
16272,Mason Plumlee,10.0,3.0,2.0,C,2017.0
16288,Matt Barnes,9.0,2.0,0.0,PF,2009.0
16289,Matt Barnes,8.0,1.0,1.0,SF,2010.0
16292,Matt Barnes,10.0,1.0,1.0,SF,2013.0
16294,Matt Barnes,9.0,1.0,0.0,SF,2015.0
16295,Matt Barnes,9.0,1.0,1.0,SF,2016.0
16328,Matt Carroll,8.0,0.0,0.0,SG,2008.0
16375,Matt Harpring,11.0,1.0,2.0,SF,2002.0
16376,Matt Harpring,16.0,1.0,2.0,SF,2003.0
16378,Matt Harpring,13.0,1.0,2.0,SF,2005.0
16444,Maurice Harkless,9.0,1.0,1.0,SF,2017.0
16467,Maurice Taylor,12.0,1.0,1.0,PF,2000.0
16470,Maurice Taylor,10.0,1.0,1.0,PF,2004.0
16514,Mehmet Okur,12.0,2.0,2.0,C,2005.0
16515,Mehmet Okur,17.0,2.0,2.0,PF,2006.0
16516,Mehmet Okur,17.0,1.0,1.0,C,2007.0
16517,Mehmet Okur,12.0,1.0,1.0,C,2008.0
16518,Mehmet Okur,14.0,1.0,1.0,C,2009.0
16519,Mehmet Okur,12.0,1.0,1.0,C,2010.0
16587,Metta World,10.0,2.0,0.0,SF,2000.0
16588,Metta World,11.0,2.0,0.0,SF,2001.0
16592,Metta World,13.0,2.0,1.0,SF,2003.0
16593,Metta World,16.0,3.0,1.0,SF,2004.0
16595,Metta World,12.0,2.0,0.0,SF,2006.0
16598,Metta World,16.0,2.0,1.0,SF,2007.0
16599,Metta World,14.0,2.0,1.0,SF,2008.0
16600,Metta World,14.0,2.0,0.0,SF,2009.0
16601,Metta World,10.0,2.0,1.0,SF,2010.0
16602,Metta World,8.0,2.0,1.0,SF,2011.0
16604,Metta World,11.0,1.0,1.0,SF,2013.0
16630,Michael Beasley,13.0,1.0,1.0,PF,2009.0
16631,Michael Beasley,14.0,1.0,1.0,PF,2010.0
16632,Michael Beasley,17.0,1.0,1.0,SF,2011.0
16670,Michael Carter-Williams,14.0,5.0,1.0,PG,2014.0
16671,Michael Carter-Williams,11.0,5.0,0.0,PG,2015.0
16702,Michael Dickerson,18.0,2.0,0.0,SG,2000.0
16703,Michael Dickerson,13.0,2.0,0.0,SG,2001.0
16724,Michael Finley,22.0,5.0,1.0,SF,2000.0
16725,Michael Finley,21.0,4.0,1.0,SF,2001.0
16726,Michael Finley,17.0,2.0,1.0,SF,2002.0
16727,Michael Finley,16.0,2.0,1.0,SF,2003.0
16728,Michael Finley,16.0,2.0,0.0,SG,2004.0
16729,Michael Finley,12.0,2.0,0.0,SG,2005.0
16730,Michael Finley,9.0,1.0,0.0,SG,2006.0
16732,Michael Finley,10.0,1.0,0.0,SG,2008.0
16733,Michael Finley,9.0,1.0,0.0,SF,2009.0
16758,Michael Jordan*,16.0,3.0,0.0,SF,2002.0
16759,Michael Jordan*,20.0,3.0,0.0,SF,2003.0
16760,Michael Kidd-Gilchrist,8.0,1.0,1.0,SF,2013.0
16764,Michael Kidd-Gilchrist,9.0,1.0,1.0,SF,2017.0
16767,Michael Olowokandi,9.0,0.0,2.0,C,2000.0
16768,Michael Olowokandi,8.0,0.0,2.0,C,2001.0
16769,Michael Olowokandi,10.0,1.0,2.0,C,2002.0
16782,Michael Redd,15.0,1.0,1.0,SG,2003.0
16783,Michael Redd,21.0,2.0,1.0,SG,2004.0
16784,Michael Redd,21.0,2.0,0.0,SG,2005.0
16785,Michael Redd,24.0,2.0,0.0,SG,2006.0
16786,Michael Redd,17.0,1.0,0.0,SF,2007.0
16787,Michael Redd,19.0,3.0,1.0,SG,2008.0
16914,Mike Bibby,14.0,8.0,0.0,PG,2000.0
16915,Mike Bibby,15.0,8.0,0.0,PG,2001.0
16916,Mike Bibby,13.0,4.0,0.0,PG,2002.0
16918,Mike Bibby,18.0,5.0,0.0,PG,2004.0
16919,Mike Bibby,19.0,6.0,0.0,PG,2005.0
16920,Mike Bibby,21.0,5.0,0.0,PG,2006.0
16921,Mike Bibby,17.0,4.0,0.0,PG,2007.0
16925,Mike Bibby,14.0,4.0,0.0,PG,2009.0
16926,Mike Bibby,8.0,3.0,0.0,PG,2010.0
16927,Mike Bibby,8.0,3.0,0.0,PG,2011.0
16956,Mike Conley,10.0,4.0,0.0,PG,2009.0
16957,Mike Conley,11.0,5.0,0.0,PG,2010.0
16958,Mike Conley,13.0,6.0,0.0,PG,2011.0
16959,Mike Conley,9.0,4.0,0.0,PG,2012.0
16960,Mike Conley,14.0,5.0,0.0,PG,2013.0
16961,Mike Conley,15.0,5.0,0.0,PG,2014.0
16962,Mike Conley,13.0,4.0,0.0,PG,2015.0
16964,Mike Conley,17.0,5.0,0.0,PG,2017.0
16988,Mike Dunleavy,10.0,2.0,1.0,SF,2004.0
16989,Mike Dunleavy,12.0,2.0,1.0,SF,2005.0
16990,Mike Dunleavy,11.0,2.0,0.0,SF,2006.0
16991,Mike Dunleavy,12.0,2.0,1.0,SG-PF,2007.0
16994,Mike Dunleavy,19.0,3.0,0.0,SG,2008.0
17000,Mike Dunleavy,11.0,2.0,0.0,SF,2014.0
17099,Mike James,9.0,4.0,0.0,PG,2004.0
17105,Mike James,19.0,5.0,0.0,PG,2006.0
17106,Mike James,10.0,3.0,0.0,PG,2007.0
17135,Mike Miller,11.0,1.0,0.0,SF,2001.0
17136,Mike Miller,11.0,2.0,0.0,SF,2002.0
17137,Mike Miller,12.0,2.0,0.0,SF,2003.0
17141,Mike Miller,12.0,2.0,0.0,SF,2005.0
17142,Mike Miller,12.0,2.0,0.0,SG,2006.0
17143,Mike Miller,15.0,3.0,0.0,SG,2007.0
17144,Mike Miller,13.0,2.0,0.0,SG,2008.0
17145,Mike Miller,8.0,3.0,0.0,SF,2009.0
17307,Mikki Moore,9.0,0.0,1.0,C,2007.0
17308,Mikki Moore,8.0,1.0,1.0,PF,2008.0
17376,Mitch Richmond*,15.0,2.0,0.0,SG,2000.0
17404,Mo Williams,9.0,5.0,0.0,PG,2005.0
17406,Mo Williams,14.0,5.0,0.0,PG,2007.0
17407,Mo Williams,13.0,5.0,0.0,PG,2008.0
17408,Mo Williams,17.0,4.0,0.0,PG,2009.0
17409,Mo Williams,13.0,4.0,0.0,PG,2010.0
17428,Monta Ellis,15.0,3.0,0.0,SG,2007.0
17429,Monta Ellis,19.0,3.0,1.0,SG,2008.0
17431,Monta Ellis,19.0,4.0,0.0,SG,2010.0
17432,Monta Ellis,23.0,5.0,0.0,SG,2011.0
17433,Monta Ellis,14.0,4.0,0.0,SG,2012.0
17436,Monta Ellis,19.0,6.0,0.0,SG,2013.0
17437,Monta Ellis,19.0,5.0,0.0,SG,2014.0
17438,Monta Ellis,18.0,4.0,0.0,SG,2015.0
17439,Monta Ellis,13.0,4.0,0.0,SG,2016.0
17462,Moochie Norris,8.0,4.0,0.0,PG,2002.0
17483,Mookie Blaylock,10.0,5.0,0.0,PG,2000.0
17484,Mookie Blaylock,9.0,5.0,0.0,PG,2001.0
17507,Morris Peterson,14.0,2.0,1.0,SF,2003.0
17508,Morris Peterson,8.0,1.0,0.0,SF,2004.0
17509,Morris Peterson,12.0,2.0,0.0,SG,2005.0
17510,Morris Peterson,16.0,2.0,0.0,SG,2006.0
17579,Myles Turner,14.0,1.0,1.0,C,2017.0
17624,Nate Robinson,15.0,3.0,1.0,PG,2009.0
17632,Nate Robinson,13.0,4.0,0.0,PG,2013.0
17677,Nazr Mohammed,9.0,0.0,2.0,C,2002.0
17742,Nenad Krstic,13.0,1.0,2.0,PF,2006.0
17750,Nene Hilario,10.0,1.0,2.0,C,2003.0
17751,Nene Hilario,11.0,2.0,1.0,PF,2004.0
17756,Nene Hilario,13.0,1.0,2.0,C,2009.0
17757,Nene Hilario,13.0,2.0,2.0,C,2010.0
17758,Nene Hilario,13.0,1.0,1.0,C,2011.0
17767,Nerlens Noel,9.0,1.0,2.0,C,2015.0
17782,Nick Anderson,9.0,1.0,1.0,SG,2000.0
17789,Nick Collison,9.0,1.0,2.0,C,2007.0
17790,Nick Collison,9.0,1.0,3.0,PF,2008.0
17817,Nick Van,15.0,8.0,0.0,PG,2000.0
17818,Nick Van,15.0,7.0,0.0,PG,2001.0
17819,Nick Van,16.0,5.0,0.0,PG-SG,2002.0
17822,Nick Van,11.0,3.0,0.0,SG,2003.0
17840,Nick Young,13.0,0.0,0.0,SG,2011.0
17851,Nicolas Batum,12.0,1.0,1.0,SF,2011.0
17853,Nicolas Batum,12.0,4.0,1.0,SF,2013.0
17854,Nicolas Batum,13.0,5.0,1.0,SF,2014.0
17855,Nicolas Batum,8.0,4.0,0.0,SF,2015.0
17856,Nicolas Batum,12.0,4.0,0.0,SF,2016.0
17857,Nicolas Batum,14.0,5.0,0.0,SG,2017.0
17862,Nik Stauskas,9.0,2.0,0.0,SG,2017.0
17865,Nikola Jokic,14.0,4.0,2.0,C,2017.0
17876,Nikola Vucevic,12.0,1.0,3.0,C,2013.0
17878,Nikola Vucevic,17.0,1.0,2.0,C,2015.0
17879,Nikola Vucevic,14.0,2.0,2.0,C,2016.0
17880,Nikola Vucevic,13.0,2.0,2.0,C,2017.0
17938,Norris Cole,6.0,3.0,0.0,PG,2014.0
17946,O.J. Mayo,18.0,3.0,0.0,SG,2009.0
17947,O.J. Mayo,17.0,2.0,0.0,SG,2010.0
17950,O.J. Mayo,15.0,4.0,0.0,SG,2013.0
18032,Omer Asik,10.0,0.0,3.0,C,2013.0
18096,Othella Harrington,13.0,1.0,2.0,PF,2000.0
18175,Otto Porter,10.0,1.0,1.0,SF,2016.0
18176,Otto Porter,13.0,1.0,1.0,SF,2017.0
18186,P.J. Brown,9.0,1.0,2.0,PF,2000.0
18187,P.J. Brown,8.0,1.0,3.0,C,2001.0
18188,P.J. Brown,8.0,1.0,3.0,C,2002.0
18189,P.J. Brown,10.0,1.0,2.0,PF,2003.0
18190,P.J. Brown,10.0,1.0,2.0,PF,2004.0
18191,P.J. Brown,10.0,2.0,3.0,PF,2005.0
18192,P.J. Brown,8.0,1.0,2.0,C,2006.0
18201,P.J. Tucker,9.0,1.0,1.0,SF,2014.0
18202,P.J. Tucker,8.0,1.0,1.0,SF,2015.0
18203,P.J. Tucker,7.0,2.0,2.0,SF,2016.0
18204,P.J. Tucker,6.0,1.0,1.0,SF,2017.0
18250,Pat Garrity,10.0,1.0,0.0,PF,2002.0
18251,Pat Garrity,10.0,1.0,0.0,PF,2003.0
18272,Patrick Beverley,8.0,2.0,0.0,PG,2016.0
18273,Patrick Beverley,7.0,3.0,1.0,SG,2017.0
18291,Patrick Ewing*,11.0,0.0,1.0,C,2000.0
18292,Patrick Ewing*,9.0,1.0,1.0,C,2001.0
18309,Patrick Patterson,7.0,1.0,1.0,PF,2015.0
18310,Patrick Patterson,6.0,1.0,0.0,PF,2016.0
18320,Pau Gasol,17.0,2.0,2.0,C,2002.0
18321,Pau Gasol,18.0,2.0,2.0,PF,2003.0
18322,Pau Gasol,16.0,2.0,2.0,PF,2004.0
18324,Pau Gasol,19.0,4.0,2.0,PF,2006.0
18325,Pau Gasol,14.0,2.0,1.0,C,2007.0
18326,Pau Gasol,15.0,2.0,1.0,C,2008.0
18329,Pau Gasol,18.0,3.0,3.0,C,2009.0
18330,Pau Gasol,14.0,2.0,2.0,C,2010.0
18331,Pau Gasol,18.0,3.0,3.0,C,2011.0
18332,Pau Gasol,13.0,2.0,2.0,PF,2012.0
18335,Pau Gasol,17.0,2.0,2.0,PF,2015.0
18336,Pau Gasol,14.0,3.0,1.0,C,2016.0
18358,Paul George,16.0,3.0,1.0,SF,2013.0
18359,Paul George,21.0,3.0,0.0,SF,2014.0
18361,Paul George,22.0,4.0,0.0,SF,2016.0
18362,Paul George,21.0,3.0,0.0,SF,2017.0
18398,Paul Millsap,12.0,1.0,3.0,PF,2009.0
18399,Paul Millsap,11.0,1.0,2.0,PF,2010.0
18400,Paul Millsap,16.0,2.0,2.0,PF,2011.0
18401,Paul Millsap,12.0,1.0,2.0,PF,2012.0
18402,Paul Millsap,13.0,2.0,2.0,PF,2013.0
18403,Paul Millsap,16.0,2.0,1.0,PF,2014.0
18404,Paul Millsap,14.0,2.0,1.0,PF,2015.0
18405,Paul Millsap,16.0,3.0,2.0,PF,2016.0
18406,Paul Millsap,15.0,3.0,1.0,PF,2017.0
18436,Paul Pierce,17.0,2.0,1.0,SF,2000.0
18437,Paul Pierce,25.0,3.0,1.0,SF,2001.0
18438,Paul Pierce,26.0,3.0,0.0,SG,2002.0
18439,Paul Pierce,24.0,4.0,1.0,SG,2003.0
18440,Paul Pierce,22.0,5.0,0.0,SG,2004.0
18441,Paul Pierce,21.0,4.0,0.0,SF,2005.0
18442,Paul Pierce,25.0,4.0,0.0,SF,2006.0
18444,Paul Pierce,19.0,4.0,0.0,SF,2008.0
18445,Paul Pierce,20.0,3.0,0.0,SF,2009.0
18446,Paul Pierce,15.0,2.0,0.0,SF,2010.0
18447,Paul Pierce,18.0,3.0,0.0,SF,2011.0
18448,Paul Pierce,14.0,3.0,0.0,SF,2012.0
18449,Paul Pierce,17.0,4.0,0.0,SF,2013.0
18450,Paul Pierce,12.0,2.0,0.0,SF,2014.0
18532,Peja Stojakovic,18.0,2.0,1.0,SF,2001.0
18533,Peja Stojakovic,18.0,2.0,0.0,SF,2002.0
18534,Peja Stojakovic,16.0,1.0,0.0,SF,2003.0
18535,Peja Stojakovic,23.0,2.0,1.0,SF,2004.0
18536,Peja Stojakovic,16.0,1.0,0.0,SF,2005.0
18537,Peja Stojakovic,15.0,1.0,0.0,SF,2006.0
18541,Peja Stojakovic,15.0,1.0,0.0,SF,2008.0
18542,Peja Stojakovic,9.0,0.0,0.0,SF,2009.0
18785,Primoz Brezec,11.0,1.0,2.0,C,2005.0
18786,Primoz Brezec,11.0,0.0,2.0,C,2006.0
18808,Quentin Richardson,13.0,1.0,1.0,SG,2002.0
18810,Quentin Richardson,13.0,1.0,1.0,SG,2004.0
18811,Quentin Richardson,14.0,1.0,1.0,SG,2005.0
18816,Quentin Richardson,8.0,1.0,0.0,SF,2010.0
18890,Raef LaFrentz,12.0,1.0,2.0,C,2000.0
18891,Raef LaFrentz,12.0,1.0,2.0,C,2001.0
18892,Raef LaFrentz,12.0,1.0,2.0,C,2002.0
18897,Raef LaFrentz,10.0,1.0,1.0,PF,2005.0
18898,Raef LaFrentz,7.0,1.0,0.0,PF,2006.0
18914,Rafer Alston,10.0,4.0,0.0,PG,2004.0
18915,Rafer Alston,13.0,6.0,0.0,PG,2005.0
18916,Rafer Alston,9.0,5.0,0.0,PG,2006.0
18917,Rafer Alston,13.0,5.0,0.0,PG,2007.0
18918,Rafer Alston,11.0,4.0,0.0,PG,2008.0
18919,Rafer Alston,10.0,4.0,0.0,PG,2009.0
18928,Raja Bell,11.0,1.0,0.0,SG,2004.0
18930,Raja Bell,14.0,2.0,0.0,SG,2006.0
18931,Raja Bell,13.0,2.0,0.0,SG,2007.0
18932,Raja Bell,10.0,2.0,0.0,SG,2008.0
18933,Raja Bell,9.0,1.0,0.0,SG,2009.0
18939,Raja Bell,6.0,1.0,0.0,SG,2011.0
18942,Rajon Rondo,9.0,4.0,0.0,PG,2008.0
18943,Rajon Rondo,11.0,8.0,1.0,PG,2009.0
18944,Rajon Rondo,13.0,9.0,1.0,PG,2010.0
18945,Rajon Rondo,8.0,9.0,1.0,PG,2011.0
18949,Rajon Rondo,7.0,6.0,0.0,PG,2015.0
18952,Rajon Rondo,10.0,10.0,0.0,PG,2016.0
19004,Ramon Sessions,11.0,5.0,0.0,PG,2009.0
19006,Ramon Sessions,13.0,5.0,0.0,PG,2011.0
19011,Ramon Sessions,12.0,4.0,0.0,PG,2014.0
19066,Randy Foye,13.0,3.0,0.0,SG,2009.0
19070,Randy Foye,10.0,2.0,0.0,SG,2013.0
19071,Randy Foye,13.0,3.0,0.0,SG,2014.0
19125,Rashad McCants,13.0,1.0,0.0,SG,2008.0
19133,Rashard Lewis,14.0,1.0,1.0,PF,2001.0
19134,Rashard Lewis,14.0,1.0,1.0,SF,2002.0
19135,Rashard Lewis,17.0,1.0,1.0,SF,2003.0
19136,Rashard Lewis,17.0,2.0,1.0,SF,2004.0
19137,Rashard Lewis,17.0,1.0,1.0,SF,2005.0
19138,Rashard Lewis,19.0,2.0,1.0,SF,2006.0
19139,Rashard Lewis,16.0,1.0,1.0,SF,2007.0
19140,Rashard Lewis,18.0,2.0,1.0,PF,2008.0
19141,Rashard Lewis,17.0,2.0,1.0,PF,2009.0
19142,Rashard Lewis,12.0,1.0,0.0,PF,2010.0
19153,Rasheed Wallace,16.0,1.0,1.0,PF,2000.0
19154,Rasheed Wallace,18.0,2.0,1.0,PF,2001.0
19155,Rasheed Wallace,18.0,1.0,1.0,PF,2002.0
19156,Rasheed Wallace,16.0,1.0,1.0,PF,2003.0
19157,Rasheed Wallace,13.0,1.0,1.0,PF,2004.0
19161,Rasheed Wallace,13.0,1.0,2.0,PF,2005.0
19162,Rasheed Wallace,14.0,2.0,1.0,PF,2006.0
19163,Rasheed Wallace,11.0,1.0,1.0,C,2007.0
19164,Rasheed Wallace,11.0,1.0,1.0,C,2008.0
19165,Rasheed Wallace,9.0,1.0,0.0,C,2009.0
19171,Rasho Nesterovic,8.0,0.0,2.0,C,2002.0
19172,Rasho Nesterovic,10.0,1.0,1.0,C,2003.0
19173,Rasho Nesterovic,8.0,1.0,3.0,C,2004.0
19185,Rasual Butler,9.0,0.0,0.0,SF,2007.0
19187,Rasual Butler,11.0,0.0,0.0,SF,2009.0
19188,Rasual Butler,11.0,1.0,0.0,SF,2010.0
19206,Ray Allen,22.0,3.0,1.0,SG,2000.0
19207,Ray Allen,22.0,4.0,1.0,SG,2001.0
19208,Ray Allen,18.0,3.0,0.0,SG,2002.0
19209,Ray Allen,20.0,4.0,1.0,SG,2003.0
19212,Ray Allen,15.0,3.0,0.0,SG,2004.0
19213,Ray Allen,22.0,3.0,0.0,SG,2005.0
19214,Ray Allen,23.0,3.0,0.0,SG,2006.0
19215,Ray Allen,17.0,2.0,0.0,SG,2007.0
19216,Ray Allen,15.0,2.0,0.0,SG,2008.0
19217,Ray Allen,17.0,2.0,0.0,SG,2009.0
19218,Ray Allen,15.0,2.0,0.0,SG,2010.0
19219,Ray Allen,16.0,2.0,0.0,SG,2011.0
19221,Ray Allen,10.0,1.0,0.0,SG,2013.0
19292,Raymond Felton,11.0,5.0,0.0,PG,2006.0
19293,Raymond Felton,13.0,6.0,0.0,PG,2007.0
19294,Raymond Felton,13.0,7.0,0.0,PG,2008.0
19295,Raymond Felton,14.0,6.0,0.0,PG,2009.0
19296,Raymond Felton,11.0,5.0,0.0,PG,2010.0
19297,Raymond Felton,14.0,7.0,0.0,PG-SG,2011.0
19298,Raymond Felton,11.0,5.0,0.0,PG,2011.0
19301,Raymond Felton,11.0,4.0,0.0,PG,2013.0
19302,Raymond Felton,7.0,4.0,0.0,PG,2014.0
19304,Raymond Felton,9.0,3.0,0.0,PG,2016.0
19382,Reggie Jackson,12.0,4.0,0.0,PG,2014.0
19383,Reggie Jackson,13.0,5.0,0.0,PG,2015.0
19386,Reggie Jackson,18.0,6.0,0.0,PG,2016.0
19429,Reggie Miller*,17.0,2.0,0.0,SG,2000.0
19430,Reggie Miller*,18.0,3.0,0.0,SG,2001.0
19431,Reggie Miller*,15.0,3.0,0.0,SG,2002.0
19432,Reggie Miller*,10.0,2.0,0.0,SG,2003.0
19433,Reggie Miller*,9.0,3.0,0.0,SG,2004.0
19434,Reggie Miller*,11.0,1.0,0.0,SG,2005.0
19575,Richard Hamilton,17.0,2.0,0.0,SF,2001.0
19576,Richard Hamilton,15.0,2.0,0.0,SG,2002.0
19577,Richard Hamilton,19.0,2.0,1.0,SG,2003.0
19578,Richard Hamilton,16.0,3.0,0.0,SG,2004.0
19579,Richard Hamilton,17.0,4.0,0.0,SG,2005.0
19580,Richard Hamilton,19.0,3.0,1.0,SG,2006.0
19581,Richard Hamilton,18.0,3.0,0.0,SG,2007.0
19582,Richard Hamilton,15.0,3.0,0.0,SG,2008.0
19583,Richard Hamilton,14.0,3.0,0.0,SG,2009.0
19589,Richard Jefferson,15.0,2.0,1.0,SF,2003.0
19590,Richard Jefferson,18.0,3.0,1.0,SF,2004.0
19592,Richard Jefferson,18.0,3.0,1.0,SF,2006.0
19594,Richard Jefferson,22.0,3.0,1.0,SF,2008.0
19595,Richard Jefferson,19.0,2.0,0.0,SF,2009.0
19596,Richard Jefferson,12.0,1.0,0.0,SF,2010.0
19597,Richard Jefferson,10.0,1.0,0.0,SF,2011.0
19602,Richard Jefferson,10.0,1.0,0.0,SF,2014.0
19696,Rick Fox,9.0,3.0,0.0,SF,2001.0
19697,Rick Fox,7.0,3.0,1.0,SF,2002.0
19698,Rick Fox,8.0,3.0,0.0,SF,2003.0
19770,Ricky Davis,19.0,5.0,1.0,SG,2003.0
19771,Ricky Davis,13.0,3.0,0.0,SF-SG,2004.0
19774,Ricky Davis,15.0,3.0,0.0,SG,2005.0
19775,Ricky Davis,18.0,4.0,0.0,SG-SF,2006.0
19778,Ricky Davis,16.0,4.0,0.0,SF,2007.0
19779,Ricky Davis,13.0,3.0,0.0,SF,2008.0
19810,Ricky Rubio,9.0,8.0,0.0,PG,2014.0
19812,Ricky Rubio,9.0,8.0,0.0,PG,2016.0
19813,Ricky Rubio,10.0,8.0,0.0,PG,2017.0
19856,Robert Covington,10.0,1.0,1.0,SF,2017.0
19874,Robert Horry,6.0,2.0,1.0,PF,2002.0
19875,Robert Horry,6.0,2.0,2.0,PF,2003.0
19968,Robin Lopez,11.0,0.0,2.0,C,2013.0
19969,Robin Lopez,11.0,0.0,3.0,C,2014.0
19971,Robin Lopez,10.0,1.0,3.0,C,2016.0
19972,Robin Lopez,10.0,0.0,2.0,C,2017.0
20011,Rod Strickland,10.0,6.0,0.0,PG,2000.0
20015,Rod Strickland,9.0,5.0,0.0,PG,2002.0
20044,Rodney Hood,14.0,2.0,0.0,SG,2016.0
20064,Rodney Rogers,13.0,2.0,1.0,PF,2000.0
20065,Rodney Rogers,12.0,2.0,1.0,SF,2001.0
20075,Rodney Stuckey,12.0,4.0,0.0,PG,2009.0
20076,Rodney Stuckey,14.0,4.0,0.0,PG,2010.0
20077,Rodney Stuckey,13.0,4.0,0.0,PG,2011.0
20079,Rodney Stuckey,10.0,3.0,0.0,SG,2013.0
20110,Roger Mason,11.0,2.0,0.0,SG,2009.0
20241,Ron Harper,6.0,3.0,1.0,PG,2000.0
20266,Ron Mercer,14.0,1.0,0.0,SG,2000.0
20269,Ron Mercer,14.0,2.0,0.0,SG,2001.0
20317,Ronald Murray,12.0,2.0,0.0,PG,2004.0
20319,Ronald Murray,10.0,2.0,0.0,SG,2006.0
20333,Ronnie Brewer,11.0,1.0,1.0,SG,2008.0
20334,Ronnie Brewer,13.0,2.0,1.0,SF,2009.0
20435,Roy Hibbert,11.0,1.0,2.0,C,2010.0
20436,Roy Hibbert,12.0,2.0,2.0,C,2011.0
20438,Roy Hibbert,11.0,1.0,3.0,C,2013.0
20439,Roy Hibbert,10.0,1.0,2.0,C,2014.0
20491,Ruben Patterson,11.0,1.0,2.0,SF,2000.0
20492,Ruben Patterson,12.0,1.0,2.0,SF,2001.0
20500,Ruben Patterson,14.0,2.0,2.0,SF,2007.0
20508,Rudy Gay,10.0,1.0,1.0,SF,2007.0
20509,Rudy Gay,19.0,1.0,1.0,SF,2008.0
20510,Rudy Gay,18.0,1.0,1.0,SF,2009.0
20511,Rudy Gay,19.0,1.0,1.0,SF,2010.0
20512,Rudy Gay,13.0,1.0,1.0,SF,2011.0
20513,Rudy Gay,15.0,1.0,1.0,SF,2012.0
20514,Rudy Gay,16.0,2.0,1.0,SF,2013.0
20517,Rudy Gay,17.0,2.0,1.0,SF,2014.0
20520,Rudy Gay,17.0,3.0,1.0,SF,2015.0
20521,Rudy Gay,14.0,1.0,1.0,SF,2016.0
20524,Rudy Gobert,8.0,1.0,3.0,C,2015.0
20526,Rudy Gobert,13.0,1.0,3.0,C,2017.0
20586,Russell Westbrook,15.0,5.0,2.0,PG,2009.0
20587,Russell Westbrook,16.0,7.0,1.0,PG,2010.0
20588,Russell Westbrook,21.0,8.0,1.0,PG,2011.0
20589,Russell Westbrook,19.0,4.0,1.0,PG,2012.0
20590,Russell Westbrook,23.0,7.0,1.0,PG,2013.0
20592,Russell Westbrook,23.0,7.0,1.0,PG,2015.0
20593,Russell Westbrook,22.0,10.0,1.0,PG,2016.0
20594,Russell Westbrook,31.0,10.0,1.0,PG,2017.0
20604,Ryan Anderson,15.0,1.0,2.0,PF,2013.0
20607,Ryan Anderson,13.0,0.0,1.0,PF,2016.0
20608,Ryan Anderson,11.0,0.0,1.0,PF,2017.0
20620,Ryan Gomes,10.0,1.0,1.0,PF,2007.0
20621,Ryan Gomes,12.0,1.0,1.0,PF,2008.0
20622,Ryan Gomes,13.0,1.0,1.0,SF,2009.0
20623,Ryan Gomes,10.0,1.0,0.0,SF,2010.0
20624,Ryan Gomes,6.0,1.0,0.0,SF,2011.0
20683,Sam Cassell,18.0,8.0,0.0,PG,2000.0
20684,Sam Cassell,16.0,7.0,0.0,PG,2001.0
20685,Sam Cassell,17.0,6.0,0.0,PG,2002.0
20686,Sam Cassell,18.0,5.0,0.0,PG,2003.0
20687,Sam Cassell,19.0,7.0,0.0,PG,2004.0
20689,Sam Cassell,16.0,5.0,0.0,PG,2006.0
20819,Samuel Dalembert,7.0,0.0,2.0,C,2004.0
20822,Samuel Dalembert,10.0,0.0,2.0,C,2007.0
20823,Samuel Dalembert,10.0,0.0,3.0,C,2008.0
20824,Samuel Dalembert,6.0,0.0,2.0,C,2009.0
20825,Samuel Dalembert,8.0,0.0,2.0,C,2010.0
21017,Scottie Pippen*,12.0,4.0,1.0,SF,2000.0
21018,Scottie Pippen*,8.0,3.0,0.0,SF,2001.0
21102,Sebastian Telfair,9.0,4.0,0.0,PG,2009.0
21145,Serge Ibaka,9.0,0.0,2.0,PF,2011.0
21147,Serge Ibaka,12.0,0.0,2.0,PF,2013.0
21148,Serge Ibaka,14.0,1.0,2.0,PF,2014.0
21149,Serge Ibaka,11.0,0.0,1.0,PF,2015.0
21150,Serge Ibaka,11.0,0.0,1.0,PF,2016.0
21151,Serge Ibaka,14.0,0.0,1.0,PF,2017.0
21173,Seth Curry,10.0,2.0,0.0,PG,2017.0
21201,Shandon Anderson,12.0,2.0,1.0,SF,2000.0
21202,Shandon Anderson,8.0,2.0,0.0,SG,2001.0
21210,Shane Battier,13.0,2.0,2.0,SF,2002.0
21211,Shane Battier,9.0,1.0,1.0,SF,2003.0
21213,Shane Battier,9.0,1.0,1.0,SG,2005.0
21214,Shane Battier,9.0,1.0,2.0,SF,2006.0
21215,Shane Battier,10.0,2.0,0.0,SF,2007.0
21216,Shane Battier,9.0,1.0,1.0,SF,2008.0
21217,Shane Battier,5.0,1.0,0.0,SG,2009.0
21218,Shane Battier,6.0,2.0,0.0,SG,2010.0
21219,Shane Battier,7.0,2.0,1.0,SF,2011.0
21253,Shaquille O'Neal*,28.0,3.0,4.0,C,2000.0
21254,Shaquille O'Neal*,25.0,3.0,3.0,C,2001.0
21255,Shaquille O'Neal*,22.0,2.0,2.0,C,2002.0
21256,Shaquille O'Neal*,22.0,2.0,3.0,C,2003.0
21257,Shaquille O'Neal*,17.0,2.0,3.0,C,2004.0
21258,Shaquille O'Neal*,20.0,2.0,3.0,C,2005.0
21264,Shaquille O'Neal*,16.0,1.0,2.0,C,2009.0
21270,Shareef Abdur-Rahim,20.0,3.0,2.0,SF,2000.0
21271,Shareef Abdur-Rahim,20.0,3.0,2.0,SF,2001.0
21272,Shareef Abdur-Rahim,19.0,2.0,2.0,PF,2002.0
21273,Shareef Abdur-Rahim,19.0,2.0,2.0,PF,2003.0
21274,Shareef Abdur-Rahim,16.0,2.0,2.0,PF,2004.0
21279,Shareef Abdur-Rahim,9.0,1.0,1.0,C,2007.0
21329,Shawn Bradley,7.0,0.0,1.0,C,2001.0
21344,Shawn Kemp,17.0,1.0,2.0,C,2000.0
21350,Shawn Marion,16.0,1.0,2.0,SF,2001.0
21351,Shawn Marion,18.0,1.0,2.0,SF,2002.0
21352,Shawn Marion,20.0,2.0,2.0,SF,2003.0
21353,Shawn Marion,18.0,2.0,2.0,SF,2004.0
21354,Shawn Marion,19.0,1.0,2.0,PF,2005.0
21355,Shawn Marion,21.0,1.0,3.0,PF,2006.0
21356,Shawn Marion,17.0,1.0,2.0,SF,2007.0
21357,Shawn Marion,11.0,1.0,1.0,PF,2008.0
21360,Shawn Marion,10.0,1.0,2.0,SF,2009.0
21363,Shawn Marion,10.0,1.0,1.0,SF,2010.0
21364,Shawn Marion,12.0,1.0,2.0,SF,2011.0
21366,Shawn Marion,9.0,1.0,1.0,PF,2013.0
21367,Shawn Marion,9.0,1.0,1.0,SF,2014.0
21559,Smush Parker,11.0,3.0,0.0,PG,2006.0
21560,Smush Parker,11.0,2.0,0.0,PG,2007.0
21567,Solomon Hill,8.0,2.0,0.0,SF,2015.0
21569,Solomon Hill,6.0,1.0,0.0,SF,2017.0
21604,Speedy Claxton,10.0,4.0,0.0,PG,2006.0
21611,Spencer Hawes,10.0,1.0,1.0,C,2009.0
21615,Spencer Hawes,11.0,2.0,2.0,C,2013.0
21616,Spencer Hawes,12.0,2.0,1.0,C,2014.0
21736,Stephen Curry,17.0,5.0,0.0,PG,2010.0
21737,Stephen Curry,16.0,5.0,0.0,PG,2011.0
21739,Stephen Curry,21.0,6.0,0.0,PG,2013.0
21740,Stephen Curry,22.0,8.0,0.0,PG,2014.0
21741,Stephen Curry,23.0,7.0,0.0,PG,2015.0
21742,Stephen Curry,28.0,6.0,0.0,PG,2016.0
21743,Stephen Curry,24.0,6.0,0.0,PG,2017.0
21761,Stephen Jackson,11.0,2.0,0.0,SG,2003.0
21762,Stephen Jackson,17.0,2.0,1.0,SF,2004.0
21764,Stephen Jackson,16.0,2.0,0.0,SG,2006.0
21765,Stephen Jackson,14.0,3.0,0.0,SF-SG,2007.0
21768,Stephen Jackson,17.0,3.0,0.0,SF,2008.0
21769,Stephen Jackson,14.0,4.0,0.0,SF,2009.0
21770,Stephen Jackson,20.0,3.0,0.0,SG-PF,2010.0
21772,Stephen Jackson,18.0,3.0,0.0,SG,2010.0
21773,Stephen Jackson,15.0,2.0,0.0,SG,2011.0
21788,Stephon Marbury,20.0,7.0,0.0,PG,2000.0
21789,Stephon Marbury,19.0,6.0,0.0,PG,2001.0
21790,Stephon Marbury,20.0,8.0,0.0,PG,2002.0
21791,Stephon Marbury,22.0,7.0,0.0,PG,2003.0
21792,Stephon Marbury,19.0,8.0,0.0,PG,2004.0
21795,Stephon Marbury,21.0,8.0,0.0,PG,2005.0
21796,Stephon Marbury,11.0,4.0,0.0,PG,2006.0
21797,Stephon Marbury,14.0,4.0,0.0,PG,2007.0
21812,Steve Blake,6.0,4.0,0.0,PG,2007.0
21815,Steve Blake,8.0,5.0,0.0,PG,2008.0
21816,Steve Blake,9.0,4.0,0.0,PG,2009.0
21817,Steve Blake,7.0,4.0,0.0,PG,2010.0
21851,Steve Francis,16.0,6.0,1.0,PG,2000.0
21852,Steve Francis,19.0,6.0,2.0,PG,2001.0
21853,Steve Francis,15.0,4.0,1.0,PG,2002.0
21854,Steve Francis,20.0,6.0,1.0,PG,2003.0
21855,Steve Francis,15.0,6.0,1.0,PG,2004.0
21856,Steve Francis,20.0,6.0,1.0,PG,2005.0
21857,Steve Francis,12.0,4.0,0.0,PG-SG,2006.0
21973,Steve Nash,13.0,6.0,0.0,PG,2001.0
21974,Steve Nash,17.0,7.0,0.0,PG,2002.0
21975,Steve Nash,17.0,7.0,0.0,PG,2003.0
21976,Steve Nash,13.0,8.0,0.0,PG,2004.0
21977,Steve Nash,14.0,10.0,0.0,PG,2005.0
21978,Steve Nash,18.0,10.0,0.0,PG,2006.0
21979,Steve Nash,17.0,10.0,0.0,PG,2007.0
21980,Steve Nash,16.0,10.0,0.0,PG,2008.0
21981,Steve Nash,14.0,8.0,0.0,PG,2009.0
21982,Steve Nash,16.0,10.0,0.0,PG,2010.0
21983,Steve Nash,13.0,10.0,0.0,PG,2011.0
22034,Steve Smith,14.0,2.0,1.0,SG,2000.0
22035,Steve Smith,13.0,2.0,1.0,SG,2001.0
22036,Steve Smith,10.0,1.0,0.0,SG,2002.0
22049,Steven Adams,7.0,0.0,2.0,C,2016.0
22050,Steven Adams,11.0,1.0,3.0,C,2017.0
22122,T.J. Ford,10.0,5.0,0.0,PG,2006.0
22123,T.J. Ford,12.0,7.0,0.0,PG,2007.0
22125,T.J. Ford,13.0,4.0,0.0,PG,2009.0
22130,T.J. McConnell,6.0,6.0,0.0,PG,2017.0
22133,T.J. Warren,11.0,0.0,1.0,SF,2017.0
22148,Taj Gibson,8.0,0.0,2.0,PF,2010.0
22152,Taj Gibson,13.0,1.0,2.0,PF,2014.0
22194,Tayshaun Prince,10.0,2.0,1.0,SF,2004.0
22195,Tayshaun Prince,14.0,3.0,1.0,SF,2005.0
22196,Tayshaun Prince,14.0,2.0,1.0,SF,2006.0
22197,Tayshaun Prince,14.0,2.0,1.0,SF,2007.0
22198,Tayshaun Prince,13.0,3.0,1.0,SF,2008.0
22199,Tayshaun Prince,14.0,3.0,1.0,SF,2009.0
22201,Tayshaun Prince,13.0,2.0,0.0,SF,2011.0
22202,Tayshaun Prince,9.0,1.0,0.0,SF,2012.0
22203,Tayshaun Prince,10.0,2.0,0.0,SF,2013.0
22246,Terrell Brandon,14.0,7.0,0.0,PG,2000.0
22247,Terrell Brandon,15.0,7.0,0.0,PG,2001.0
22250,Terrence Jones,11.0,1.0,1.0,PF,2014.0
22260,Terrence Ross,10.0,0.0,0.0,SG,2014.0
22261,Terrence Ross,9.0,1.0,0.0,SF,2015.0
22416,Thabo Sefolosha,5.0,1.0,0.0,SG,2010.0
22417,Thabo Sefolosha,4.0,1.0,0.0,SG,2011.0
22419,Thabo Sefolosha,7.0,1.0,0.0,SG,2013.0
22425,Thaddeus Young,13.0,1.0,1.0,PF,2009.0
22426,Thaddeus Young,11.0,1.0,1.0,PF,2010.0
22427,Thaddeus Young,12.0,1.0,1.0,PF,2011.0
22429,Thaddeus Young,13.0,1.0,2.0,PF,2013.0
22430,Thaddeus Young,17.0,2.0,2.0,PF,2014.0
22431,Thaddeus Young,13.0,2.0,1.0,PF,2015.0
22434,Thaddeus Young,13.0,1.0,2.0,PF,2016.0
22435,Thaddeus Young,9.0,1.0,1.0,PF,2017.0
22450,Theo Ratliff,8.0,0.0,1.0,C,2003.0
22451,Theo Ratliff,8.0,0.0,2.0,C,2004.0
22521,Tim Duncan,20.0,2.0,3.0,PF,2000.0
22522,Tim Duncan,22.0,2.0,3.0,PF,2001.0
22523,Tim Duncan,25.0,3.0,3.0,PF,2002.0
22524,Tim Duncan,22.0,3.0,3.0,PF,2003.0
22525,Tim Duncan,18.0,2.0,2.0,PF,2004.0
22526,Tim Duncan,16.0,2.0,2.0,PF,2005.0
22527,Tim Duncan,18.0,3.0,2.0,PF,2006.0
22528,Tim Duncan,19.0,3.0,2.0,C,2007.0
22529,Tim Duncan,18.0,2.0,2.0,C,2008.0
22530,Tim Duncan,17.0,3.0,2.0,C,2009.0
22531,Tim Duncan,17.0,3.0,2.0,C,2010.0
22532,Tim Duncan,12.0,2.0,2.0,C,2011.0
22534,Tim Duncan,14.0,2.0,1.0,C,2013.0
22535,Tim Duncan,13.0,2.0,1.0,C,2014.0
22536,Tim Duncan,13.0,2.0,2.0,C,2015.0
22557,Tim Hardaway,14.0,5.0,0.0,PG,2001.0
22565,Tim Hardaway,13.0,2.0,0.0,SG,2017.0
22619,Tim Thomas,11.0,1.0,1.0,SF,2000.0
22620,Tim Thomas,11.0,1.0,0.0,PF,2001.0
22622,Tim Thomas,13.0,1.0,1.0,SF,2003.0
22623,Tim Thomas,11.0,1.0,0.0,SF,2004.0
22630,Tim Thomas,10.0,2.0,0.0,PF,2007.0
22644,Timofey Mozgov,9.0,0.0,2.0,C,2015.0
22672,Tobias Harris,14.0,1.0,0.0,SF,2015.0
22673,Tobias Harris,13.0,2.0,1.0,PF,2016.0
22676,Tobias Harris,16.0,1.0,0.0,PF,2017.0
23042,Tony Allen,8.0,1.0,1.0,SG,2013.0
23057,Tony Battie,7.0,0.0,1.0,C,2006.0
23101,Tony Delk,12.0,1.0,0.0,SG,2001.0
23149,Tony Parker,8.0,4.0,0.0,PG,2002.0
23150,Tony Parker,15.0,5.0,0.0,PG,2003.0
23151,Tony Parker,13.0,5.0,0.0,PG,2004.0
23152,Tony Parker,16.0,5.0,0.0,PG,2005.0
23153,Tony Parker,18.0,5.0,0.0,PG,2006.0
23154,Tony Parker,17.0,5.0,0.0,PG,2007.0
23155,Tony Parker,15.0,5.0,0.0,PG,2008.0
23156,Tony Parker,19.0,6.0,0.0,PG,2009.0
23158,Tony Parker,16.0,6.0,0.0,PG,2011.0
23160,Tony Parker,16.0,6.0,0.0,PG,2013.0
23182,Tony Snell,8.0,1.0,0.0,SG,2017.0
23213,Tracy McGrady,14.0,3.0,2.0,SF,2000.0
23214,Tracy McGrady,25.0,4.0,2.0,SG,2001.0
23215,Tracy McGrady,23.0,4.0,1.0,SG,2002.0
23216,Tracy McGrady,29.0,5.0,1.0,SG,2003.0
23217,Tracy McGrady,22.0,4.0,1.0,SG,2004.0
23218,Tracy McGrady,24.0,5.0,0.0,SF,2005.0
23220,Tracy McGrady,21.0,5.0,0.0,SG,2007.0
23221,Tracy McGrady,17.0,4.0,0.0,SG,2008.0
23257,Travis Best,11.0,5.0,0.0,PG,2001.0
23289,Travis Outlaw,13.0,1.0,1.0,PF,2008.0
23290,Travis Outlaw,12.0,1.0,0.0,SF,2009.0
23294,Travis Outlaw,9.0,1.0,0.0,SF,2011.0
23334,Trenton Hassell,8.0,2.0,0.0,SG,2002.0
23336,Trenton Hassell,4.0,1.0,0.0,SG,2004.0
23337,Trenton Hassell,6.0,1.0,0.0,SG,2005.0
23338,Trenton Hassell,8.0,2.0,1.0,SG,2006.0
23339,Trenton Hassell,6.0,2.0,1.0,SG,2007.0
23355,Trevor Ariza,13.0,3.0,0.0,SF,2010.0
23356,Trevor Ariza,10.0,1.0,0.0,SF,2011.0
23359,Trevor Ariza,13.0,2.0,1.0,SF,2014.0
23360,Trevor Ariza,12.0,2.0,0.0,SF,2015.0
23361,Trevor Ariza,12.0,2.0,0.0,SF,2016.0
23362,Trevor Ariza,11.0,2.0,0.0,SF,2017.0
23379,Trey Burke,10.0,4.0,0.0,PG,2014.0
23380,Trey Burke,11.0,4.0,0.0,PG,2015.0
23393,Tristan Thompson,11.0,1.0,3.0,PF,2013.0
23394,Tristan Thompson,11.0,0.0,3.0,PF,2014.0
23395,Tristan Thompson,8.0,0.0,3.0,PF,2015.0
23396,Tristan Thompson,7.0,0.0,3.0,PF,2016.0
23397,Tristan Thompson,7.0,0.0,3.0,C,2017.0
23411,Troy Hudson,13.0,5.0,0.0,PG,2003.0
23418,Troy Murphy,11.0,1.0,2.0,PF,2003.0
23420,Troy Murphy,13.0,1.0,3.0,PF,2005.0
23421,Troy Murphy,12.0,1.0,2.0,PF,2006.0
23425,Troy Murphy,11.0,2.0,1.0,PF,2008.0
23426,Troy Murphy,12.0,2.0,1.0,PF,2009.0
23427,Troy Murphy,12.0,1.0,1.0,PF,2010.0
23452,Ty Lawson,11.0,4.0,0.0,PG,2011.0
23453,Ty Lawson,12.0,4.0,0.0,PG,2012.0
23454,Ty Lawson,14.0,6.0,0.0,PG,2013.0
23455,Ty Lawson,13.0,6.0,0.0,PG,2014.0
23456,Ty Lawson,13.0,8.0,0.0,PG,2015.0
23479,Tyler Johnson,12.0,2.0,0.0,PG,2017.0
23481,Tyler Zeller,7.0,1.0,1.0,C,2013.0
23486,Tyreke Evans,17.0,5.0,0.0,SG,2010.0
23487,Tyreke Evans,12.0,3.0,0.0,SG,2011.0
23488,Tyreke Evans,12.0,3.0,0.0,SG,2012.0
23489,Tyreke Evans,12.0,2.0,0.0,SG,2013.0
23490,Tyreke Evans,12.0,4.0,0.0,SF,2014.0
23491,Tyreke Evans,16.0,6.0,1.0,SG,2015.0
23532,Tyrone Hill,9.0,0.0,2.0,PF,2000.0
23533,Tyrone Hill,8.0,0.0,2.0,PF,2001.0
23540,Tyrone Nesby,11.0,1.0,1.0,SG,2000.0
23550,Tyronn Lue,9.0,3.0,0.0,PG,2004.0
23551,Tyronn Lue,9.0,3.0,0.0,PG,2005.0
23564,Tyrus Thomas,10.0,0.0,1.0,PF,2009.0
23577,Tyson Chandler,7.0,0.0,3.0,C,2005.0
23578,Tyson Chandler,5.0,0.0,3.0,C,2006.0
23579,Tyson Chandler,8.0,0.0,3.0,C,2007.0
23580,Tyson Chandler,11.0,0.0,3.0,C,2008.0
23583,Tyson Chandler,9.0,0.0,2.0,C,2011.0
23584,Tyson Chandler,8.0,0.0,2.0,C,2012.0
23585,Tyson Chandler,8.0,0.0,3.0,C,2013.0
23587,Tyson Chandler,9.0,1.0,3.0,C,2015.0
23598,Udonis Haslem,10.0,1.0,2.0,PF,2005.0
23599,Udonis Haslem,9.0,1.0,2.0,PF,2006.0
23600,Udonis Haslem,10.0,1.0,2.0,PF,2007.0
23602,Udonis Haslem,9.0,1.0,2.0,PF,2009.0
23603,Udonis Haslem,9.0,0.0,2.0,PF,2010.0
23685,Victor Oladipo,13.0,3.0,0.0,PG,2014.0
23686,Victor Oladipo,15.0,3.0,0.0,SG,2015.0
23687,Victor Oladipo,14.0,3.0,0.0,SG,2016.0
23688,Victor Oladipo,13.0,2.0,0.0,SG,2017.0
23699,Vin Baker,15.0,1.0,2.0,C,2000.0
23700,Vin Baker,11.0,1.0,2.0,PF,2001.0
23716,Vince Carter,25.0,3.0,1.0,SF,2000.0
23717,Vince Carter,25.0,3.0,2.0,SF,2001.0
23718,Vince Carter,18.0,2.0,1.0,SG,2002.0
23720,Vince Carter,20.0,4.0,1.0,SG,2004.0
23721,Vince Carter,23.0,3.0,1.0,SF-SG,2005.0
23723,Vince Carter,19.0,3.0,0.0,SF,2005.0
23724,Vince Carter,23.0,4.0,1.0,SG,2006.0
23725,Vince Carter,25.0,4.0,1.0,SG,2007.0
23726,Vince Carter,19.0,4.0,1.0,SG,2008.0
23727,Vince Carter,20.0,4.0,0.0,SG,2009.0
23728,Vince Carter,15.0,2.0,0.0,SG,2010.0
23729,Vince Carter,12.0,1.0,0.0,SG,2011.0
23733,Vince Carter,13.0,2.0,0.0,SF,2013.0
23810,Vlade Divac,12.0,2.0,2.0,C,2000.0
23811,Vlade Divac,11.0,2.0,2.0,C,2001.0
23812,Vlade Divac,10.0,3.0,2.0,C,2002.0
23813,Vlade Divac,9.0,3.0,1.0,C,2003.0
23814,Vlade Divac,9.0,5.0,1.0,C,2004.0
23818,Vladimir Radmanovic,11.0,1.0,1.0,PF,2004.0
23857,Voshon Lenard,11.0,2.0,0.0,SG,2001.0
23860,Voshon Lenard,12.0,1.0,0.0,SG,2004.0
23899,Wally Szczerbiak,10.0,2.0,1.0,SF,2000.0
23900,Wally Szczerbiak,13.0,3.0,1.0,SF,2001.0
23901,Wally Szczerbiak,18.0,3.0,1.0,SF,2002.0
23904,Wally Szczerbiak,15.0,2.0,1.0,SF,2005.0
23905,Wally Szczerbiak,16.0,2.0,0.0,SF,2006.0
24185,Wesley Johnson,8.0,1.0,0.0,SG,2011.0
24188,Wesley Johnson,8.0,1.0,0.0,SF,2014.0
24189,Wesley Johnson,9.0,1.0,0.0,SF,2015.0
24192,Wesley Matthews,9.0,1.0,0.0,SG,2010.0
24193,Wesley Matthews,15.0,2.0,0.0,SG,2011.0
24194,Wesley Matthews,11.0,1.0,0.0,SG,2012.0
24195,Wesley Matthews,12.0,2.0,0.0,SG,2013.0
24196,Wesley Matthews,16.0,2.0,0.0,SG,2014.0
24197,Wesley Matthews,11.0,1.0,0.0,SG,2015.0
24198,Wesley Matthews,11.0,1.0,0.0,SF,2016.0
24199,Wesley Matthews,12.0,2.0,0.0,SG,2017.0
24205,Wesley Person,8.0,1.0,0.0,SG,2000.0
24207,Wesley Person,14.0,2.0,0.0,SG,2002.0
24240,Will Barton,14.0,2.0,0.0,SG,2016.0
24383,Wilson Chandler,14.0,2.0,1.0,SF,2009.0
24384,Wilson Chandler,12.0,1.0,1.0,SG,2010.0
24385,Wilson Chandler,13.0,1.0,0.0,SF,2011.0
24391,Wilson Chandler,13.0,1.0,1.0,SF,2015.0
24392,Wilson Chandler,13.0,1.0,1.0,SF,2017.0
24486,Yao Ming*,13.0,1.0,2.0,C,2003.0
24487,Yao Ming*,17.0,1.0,2.0,C,2004.0
24488,Yao Ming*,17.0,0.0,2.0,C,2005.0
24491,Yao Ming*,14.0,1.0,2.0,C,2008.0
24492,Yao Ming*,18.0,1.0,2.0,C,2009.0
24515,Zach LaVine,14.0,3.0,0.0,SG,2016.0
24519,Zach Randolph,19.0,1.0,2.0,PF,2004.0
24521,Zach Randolph,16.0,1.0,2.0,PF,2006.0
24522,Zach Randolph,19.0,1.0,2.0,PF,2007.0
24523,Zach Randolph,14.0,1.0,2.0,C,2008.0
24527,Zach Randolph,20.0,1.0,4.0,PF,2010.0
24528,Zach Randolph,18.0,1.0,3.0,PF,2011.0
24530,Zach Randolph,14.0,1.0,3.0,PF,2013.0
24531,Zach Randolph,16.0,2.0,3.0,PF,2014.0
24532,Zach Randolph,13.0,1.0,2.0,PF,2015.0
24533,Zach Randolph,12.0,1.0,2.0,PF,2016.0
24565,Zaza Pachulia,11.0,1.0,3.0,C,2006.0
24566,Zaza Pachulia,10.0,1.0,2.0,C,2007.0
24575,Zaza Pachulia,7.0,1.0,3.0,C,2016.0
24615,Zydrunas Ilgauskas,16.0,1.0,2.0,C,2003.0
24616,Zydrunas Ilgauskas,15.0,1.0,3.0,C,2004.0
24617,Zydrunas Ilgauskas,16.0,1.0,3.0,C,2005.0
24618,Zydrunas Ilgauskas,14.0,1.0,2.0,C,2006.0
24619,Zydrunas Ilgauskas,11.0,1.0,2.0,C,2007.0
24620,Zydrunas Ilgauskas,12.0,1.0,3.0,C,2008.0
